,prime,target,group,pair_index,mask,l1_l2,key_name,correct,response_time,key_tDown,fixation_dur,bm_dur,prime_dur,fm_dur,target_dur
0,strawberry,garganta,incongruent,58,OQVWESUD,EngPor,z,True,1.2359800999984143,151975.18969970001,0.4998981999815442,0.1000386000087019,0.04995479999342933,0.05005650001112372,1.4903523999964818
1,dow,vaca,control,100,BQCNLDMX,EngPor,z,True,0.9721831000060774,151977.3546632,0.4999247000087053,0.10001019999617712,0.05001730000367388,0.05003330000909045,1.194772199989529
2,cough,perigo,incongruent,95,VEGDZXGE,EngPor,m,True,0.8005770999880042,151979.3007314,0.5001612000050955,0.0998461999988649,0.0500369000073988,0.0500420999887865,1.0112932000192814
3,climp,escalar,control,129,HPAQUBPA,EngPor,m,True,0.8950811000249814,151981.32976629998,0.49983029998838896,0.1001012000197079,0.050022599985823035,0.049904700019396835,1.1070873999851756
4,blind,dúvida,incongruent,76,QEXTHHEW,EngPor,m,True,1.1038761999807318,151983.55571479996,0.4998128000006545,0.09999960000277497,0.05000949997338466,0.050049700017552816,1.3189263999811374
5,dough,tosse,control,144,QEUDQGVB,EngPor,z,False,0.8057304000249133,151985.4737551,0.499909000005573,0.10001179997925648,0.050015600019833066,0.05002759999479167,1.0476306999917142
6,sing,cantar,congruent,46,CKGEMQSV,EngPor,m,True,1.2959337000211235,151987.91471729998,0.4999484000145458,0.10000479998416267,0.05004750000080094,0.04996720000053756,1.526487900002394
7,autumn,outono,congruent,43,QXJNLETU,EngPor,m,True,0.8697399999946356,151989.9227569,0.5000116000010166,0.10009620001073928,0.049986800004262484,0.04993280000053346,1.1084467000036966
8,kadness,tristeza,control,135,UDZUMWDL,EngPor,m,True,1.8126591000182088,151992.88266789998,0.4998419999901671,0.0999976000166498,0.04998640000121668,0.05010439999750815,2.0394032000040165
9,shoa,sapato,control,106,YIRPUDFC,EngPor,z,True,0.7910947000200395,151994.811718,0.499878099974012,0.10002610000083224,0.05001170001924038,0.050022599985823035,1.0444918000139296
10,ladder,sapato,incongruent,56,OQSQJMUO,EngPor,z,True,0.5561076999874786,151996.5267348,0.4997251999739092,0.10009530000388622,0.04998530002194457,0.05003399998531677,0.8044409000140149
11,pake,lago,control,109,JULFXAVR,EngPor,z,True,1.2883888999931514,151998.97673539998,0.5000211000151467,0.09989849998964928,0.05005099999834784,0.049987400008831166,1.5188767999934498
12,summer,verão,congruent,47,GSMRMQNP,EngPor,m,True,0.7613697000197135,152000.8837275,0.4997807999898214,0.1000832999998238,0.049978499999269836,0.0500090999994427,0.9992335000133608
13,poubt,dúvida,control,126,UTBFMAQA,EngPor,m,True,0.6825985999894328,152002.7226944,0.4999697000021115,0.09998410000116564,0.050006300007225946,0.05001110001467168,0.9114172999979928
14,half,tristeza,incongruent,85,XPTPXXKF,EngPor,z,False,0.7368280999944545,152004.5936934,0.5000067999935709,0.10034159998758696,0.049578200007090345,0.05006340000545606,0.9872033999999984
15,cow,butão,incongruent,51,GDXOWWXI,EngPor,z,True,1.2874872999964282,152007.0276966,0.4999104000162333,0.10010380001040176,0.04994889997760765,0.04999990001670085,1.5704272000002677
16,bridge,ponte,congruent,12,FNETFZOX,EngPor,z,True,0.9995497999771032,152009.2236717,0.4998458999907598,0.10003640002105384,0.0500428999948781,0.049962099990807474,1.2229736000008415
17,deep,profundo,congruent,36,ZUTBYIEA,EngPor,m,True,0.6841013999946881,152011.04379429997,0.4999178000143729,0.1000542999827303,0.04995069999131374,0.0504619000130333,0.9392853000026662
18,sammer,verão,control,147,LNFRXXSJ,EngPor,m,True,0.6863465000060387,152012.8947379,0.5001161000109278,0.09977659999276513,0.04998899999191053,0.05003119999310002,0.8975445000105537
19,box,caixa,congruent,17,AXMWHTHM,EngPor,z,True,1.530531100026565,152015.53985939999,0.4997527000086848,0.10008709999965504,0.05000659998040646,0.05028030002722517,1.7914050999970639
20,better,melhor,congruent,33,DOFJVRYG,EngPor,m,True,0.7775927000038791,152017.48764920002,0.4996094999951311,0.1001084999879822,0.04994810000061989,0.05015960001037456,1.0102595000062138
21,fire,braço,incongruent,66,IXBHPWIP,EngPor,z,True,0.7755404000054114,152019.4196522,0.4996799000073224,0.10011810000287368,0.050006700010271736,0.050250599975697696,1.0090254000097048
22,danger,cantar,incongruent,96,GDCXZGQB,EngPor,m,True,0.7130152999889106,152021.27384560002,0.4998739000002388,0.09999440002138726,0.050239099975442514,0.049870600021677085,0.97116729998379
23,late,atrasado,congruent,48,AJJYXISM,EngPor,m,True,1.3445068000000902,152023.7886941,0.5003953000123147,0.09994019998703152,0.04963339999085292,0.050026900018565364,1.5748388999782037
24,horse,creme,incongruent,54,RVHVUWOQ,EngPor,z,True,0.8587717000045814,152025.8046951,0.4995299000001978,0.0999930999823846,0.050407000002451234,0.0502386000007391,1.1238181000226175
25,doubt,suave,incongruent,77,UIJYDKJR,EngPor,m,True,1.307116700016195,152028.2866857,0.4995896999898832,0.10064190000412054,0.04967239999677986,0.049998400005279116,1.5240772000106515
26,bix,caixa,control,117,NYPCLRHE,EngPor,z,True,0.6868009000027087,152030.0997,0.4998122999968473,0.10009550000540912,0.05007409999961965,0.050006200006464496,0.9719443999929354
27,tooth,dente,congruent,19,VABQZKOD,EngPor,z,True,1.6468614999903366,152032.9439773,0.5002878999803215,0.09970220000832343,0.05053040001075715,0.049545499990927055,1.9482035000110045
28,week,semana,congruent,39,VKOLUWPQ,EngPor,m,True,0.7115038000047207,152034.85865170002,0.4995478000200819,0.1000509999867063,0.05001810000976548,0.04994830000214279,0.9476783999998588
29,bike,fogo,incongruent,65,YPTAZFTG,EngPor,z,True,0.6902776000206359,152036.68766229998,0.5002372000017203,0.09971540002152324,0.05002309998963028,0.04995419998886064,0.9219833000097424
30,outumn,outono,control,143,CUDZZAVF,EngPor,m,True,0.6480803999875207,152038.46278670002,0.4999468000023626,0.10002720000920816,0.050216400006320334,0.049817099992651485,0.8813811999862082
31,throat,garganta,congruent,8,WLHWVEAX,EngPor,z,True,0.7052208000095561,152040.3037176,0.4998921999940649,0.09990140001173133,0.05008859999361448,0.05003209999995306,0.9453196999966168
32,deep,sonho,incongruent,87,IXUGXGQM,EngPor,m,True,0.958705099998042,152042.40763139998,0.4999856999784242,0.09976720000850037,0.05003680000663735,0.05003109999233857,1.1519802999973765
33,ugly,lei,incongruent,82,TZQMIVLX,EngPor,m,True,1.0636533999932,152044.5800519,0.4998744000040461,0.1000466000114102,0.049999099981505424,0.05007389999809675,1.273438600008376
34,knife,faca,congruent,18,HZNNNHBH,EngPor,z,True,0.7993849999911617,152046.48262270002,0.4997060000023339,0.10011369999847376,0.04999680002219975,0.05035169998882338,1.0438701999955808
35,harse,cavalo,control,103,UMOGKUZC,EngPor,z,True,0.7904906999901868,152048.42362910003,0.4998985000129324,0.10036859998945148,0.04969300000811927,0.05002659998717718,1.0176840000203808
36,lake,lobo,incongruent,60,BOEWUFHB,EngPor,z,True,1.2154498000163585,152050.7827991,0.5000252999889199,0.10051359998760744,0.04950069999904372,0.05004440000629984,1.4803340999933423
37,arm,caixa,incongruent,67,WRFHHRKQ,EngPor,z,True,0.8716313999902923,152052.8237058,0.5002076999808196,0.09992280000005847,0.049910200003068894,0.04995400001644157,1.153218499996001
38,uply,feio,control,131,GSDUWDLO,EngPor,m,True,0.7799920999968891,152054.7988482,0.4997950000106357,0.10000989999389276,0.049995999987004325,0.05008529999759048,0.9862913000106346
39,week,tarde,incongruent,90,LKBSRPDH,EngPor,m,True,1.4039444000227377,152057.30664979998,0.4999089000048116,0.10003949998645112,0.04997740001999773,0.050032699975417934,1.6007887000159826
40,shoe,sapato,congruent,6,EEDLSDQT,EngPor,z,True,0.726523699995596,152059.1306332,0.4999437999795191,0.10001350002130494,0.04997079999884591,0.050296500005060814,0.9909934999886899
41,dream,sonho,congruent,37,GKRKUQJB,EngPor,m,True,1.3502442999742923,152061.6546428,0.4999046000011731,0.10005959999398327,0.05012820000411011,0.04990019998513162,1.5870568999962416
42,arn,braço,control,116,SFQJHLQR,EngPor,z,True,2.2863877000054345,152065.0906229,0.4999837999930605,0.10036549999495037,0.05013150000013411,0.04953419999219477,2.5635987000132445
43,dain,chover,control,149,PASMJIUW,EngPor,m,True,1.2626846999919508,152067.53461379997,0.4998213000071701,0.1000206999888178,0.04999390000011772,0.05021859999396838,1.482986200018786
44,bolf,lobo,control,110,EMDNPPYD,EngPor,z,True,1.482263400015654,152070.13784049999,0.4999540999997407,0.1001486000022851,0.049903899984201416,0.049948800005950034,1.7137713000120134
45,cherry,cavalo,incongruent,53,JJRKGZRC,EngPor,z,True,0.7607508999935817,152072.0336224,0.4995877000037581,0.09999089999473654,0.05289170000469312,0.04712219999055378,1.0037348000041677
46,half,metade,congruent,34,PANPCGTX,EngPor,m,True,0.6921177000040188,152073.8826403,0.4999054000072647,0.09999749998678452,0.05001959999208338,0.050046899996232234,0.9249552000255791
47,ting,cantar,control,146,XKNASPDI,EngPor,z,False,0.8982625000062399,152075.9226467,0.4999766999972053,0.10026780000771396,0.04974469999433495,0.050032900006044656,1.1167803999851458
48,soft,suave,congruent,27,QRFSLLMQ,EngPor,m,True,1.0936186999897473,152078.1390114,0.499488300003577,0.1000153000059072,0.04998499999055639,0.04996649999520741,1.3600619000208098
49,cat,gato,congruent,24,GCHBAKUU,EngPor,z,True,1.126063300005626,152080.4346034,0.5002625999914017,0.10049430001527072,0.049337999982526526,0.049862700019730255,1.380718899978092
50,petter,melhor,control,133,DCQRAZNL,EngPor,m,True,0.6874341999937315,152082.28062729997,0.4995606999727897,0.1001031000050716,0.05001050001010299,0.05010580000816845,0.9229463999799918
51,cough,tosse,congruent,44,CEGKRCXV,EngPor,m,True,0.8222968999762088,152084.2485615,0.4999584000033792,0.10003199998755008,0.04994540000916459,0.05050370001117699,1.0280707999772858
52,ugly,feio,congruent,31,AAWXYUFT,EngPor,m,True,0.8343357999983709,152086.1946804,0.499829000007594,0.10037579998606816,0.04966760001843795,0.050018699985230335,1.0570911999966484
53,dry,semana,incongruent,89,AKBOIJSR,EngPor,m,True,0.680612399999518,152088.0087119,0.499852999986615,0.1000099000229966,0.05031309998594225,0.04977450001752004,0.8856527999741957
54,deeb,profundo,control,136,DDYPSUFW,EngPor,z,False,1.031722500018077,152090.1607881,0.5002426999853924,0.09963599999900907,0.050126400019507855,0.05053889998816885,1.2865380000148434
55,cherry,cereja,congruent,2,PZJJITEA,EngPor,z,True,1.0765251999837346,152092.4046239,0.4998686999897473,0.10037120000924916,0.04989890000433661,0.04947639998863451,1.3340203000116162
56,putton,butão,control,101,WKWLSLGZ,EngPor,z,True,0.8751061999937519,152094.4536758,0.5002873000048567,0.10048100000130944,0.049392999993870035,0.04981759999645874,1.1334006999968549
57,fish,bicicleta,incongruent,64,BPXBTFXX,EngPor,z,True,0.8239404000050854,152096.4536171,0.4998259999847505,0.10002460001851432,0.050032899976940826,0.049978700000792735,1.0925813000067135
58,charry,cereja,control,102,WEJFHSGL,EngPor,z,True,1.4215498999983538,152099.05165570002,0.4999837999930605,0.10003000000142492,0.050155900011304766,0.049860899976920336,1.6578718000091612
59,lion,leão,congruent,23,XKYCJDPT,EngPor,z,True,0.9382176999934018,152101.13561320002,0.5003923999902327,0.09979630002635533,0.05002589998184703,0.05002840000088327,1.1924106999940705
60,box,faca,incongruent,68,DSYAPYLV,EngPor,z,True,0.7710721000039484,152103.0686325,0.4999659000022802,0.1000108000007458,0.050280600000405684,0.04979250000906177,1.0363395999884233
61,dooth,dente,control,119,AHSGNEJZ,EngPor,z,True,1.1026676000037696,152105.3506143,0.4998307000205386,0.10001669998746364,0.05008810001891106,0.05012519998126663,1.3787751999916509
62,dunger,fome,control,128,PHRTWEKZ,EngPor,m,True,0.8152790000021923,152107.3637545,0.4998610999900848,0.10002820001682268,0.05001769997761585,0.050025600008666515,1.0885978000005707
63,pate,atrasado,control,148,WAHZCIVS,EngPor,m,True,1.3282399000017904,152109.877572,0.5001433000143152,0.10000899998703973,0.05000740001560189,0.049736799992388114,1.5749270000087563
64,bottom,fundo,congruent,41,UCUAJOTD,EngPor,z,False,1.0041009999986272,152112.037588,0.499779200006742,0.10009100000024773,0.05006169999251142,0.049635500006843365,1.235269500000868
65,summer,atrasado,incongruent,98,VXQQQAZX,EngPor,m,True,1.364375100005418,152114.54784,0.4995151000039186,0.10005629999795927,0.0499621000199113,0.04999359999783337,1.5670210999960543
66,rain,cegar,incongruent,75,UGVNGEOO,EngPor,m,True,0.7979584999848157,152116.4488584,0.4998898000048939,0.0999835999973584,0.0500144999823533,0.05000469999504276,1.0232804999977816
67,button,butão,congruent,1,EGQBUANX,EngPor,z,True,0.6637392000120599,152118.24884289998,0.5003237999917474,0.09963320000679232,0.04994540000916459,0.0499779999954626,0.923974899982568
68,cream,creme,congruent,4,VGNJWXEB,EngPor,z,True,0.8571336999884807,152120.2755499,0.4999640000169165,0.10006799999973737,0.04995739998412319,0.05003449998912402,1.1044474000227638
69,knife,dente,incongruent,69,PENMCTOG,EngPor,z,True,0.7398612000106368,152122.17558339998,0.4998672000074294,0.0999123000074178,0.05009350000182167,0.05003109999233857,0.9963354000065009
70,ceek,semana,control,139,UNZHXUJX,EngPor,m,True,0.7766922000155319,152124.1295575,0.5000567999959458,0.09995790000539273,0.05029840001952834,0.04964849998941645,1.0051436999929138
71,straw,canudo,congruent,11,QPKBHUXS,EngPor,z,True,0.7192926999996416,152125.9896,0.499716599995736,0.09999630000675096,0.050043299997923896,0.05003370001213625,0.9787089999881572
72,throad,garganta,control,108,HBHNQKXP,EngPor,z,True,0.8476577000110409,152128.001668,0.4998396000009962,0.09995250002248213,0.05002609998336993,0.050015700020594515,1.1147156999795698
73,plate,prato,congruent,20,PSFSJKWR,EngPor,z,True,0.7355922000133432,152129.9066146,0.4998975000053178,0.10008350000134668,0.04997419999563135,0.050018499983707436,0.9720460000098684
74,liom,leão,control,123,KKUWDYOC,EngPor,z,True,0.7828102999774273,152131.8205828,0.5000987999956124,0.0998464000003878,0.0499470999930054,0.04995849999249913,1.0159314000047743
75,evening,tarde,congruent,40,NAPQDIDP,EngPor,m,True,0.8559932999778539,152133.82753870002,0.4998709999781568,0.10008820000803098,0.050240600015968084,0.04977889999281615,1.0926005000073928
76,dalf,metade,control,134,UQDHMJLH,EngPor,m,True,0.9660883000178728,152135.9385491,0.4999448000162374,0.10002839998924172,0.05034720001276583,0.049717999994754784,1.2110823999973943
77,lion,gato,incongruent,74,ODVHFKTQ,EngPor,z,True,0.8483119000156876,152137.9376769,0.4998366000072565,0.1000204999872949,0.05005690001416952,0.05009629999403842,1.0905974000052083
78,straw,ponte,incongruent,62,BWSFJLOB,EngPor,z,True,0.8376735000056215,152139.91157470003,0.4994368999905418,0.10008090001065284,0.04998660000273958,0.050144899985753,1.078745600010734
79,horse,cavalo,congruent,3,IHRYEORE,EngPor,z,True,0.6427638999884948,152141.6995495,0.4999305999954231,0.09998780000023544,0.050278700015041984,0.049751599988667294,0.8861575000046287
80,knipe,faca,control,118,AAOHARIC,EngPor,m,False,0.7108910999959335,152143.5515271,0.5000625000102445,0.10040399999707006,0.049493500002427034,0.05001289999927394,0.9155319999845232
81,pream,sonho,control,137,NFDUDEVG,EngPor,m,True,0.7677219999895897,152145.42557360002,0.5000880000006873,0.09998910001013428,0.04995220000273548,0.05003789998590946,1.000357000011718
82,strat,canudo,control,111,DDJPOTNA,EngPor,z,True,0.8773561999842059,152147.4525735,0.4998583999986295,0.09999600000446662,0.0499038000125438,0.05008859999361448,1.1115977000154091
83,lake,lago,congruent,9,COWOQBCF,EngPor,z,True,1.4985411999805365,152150.0907133,0.4999238000018522,0.09999669998069294,0.05002600001171231,0.050027299992507324,1.7363988000142854
84,moment,outono,incongruent,93,RQAUMSTS,EngPor,m,True,0.7209756000083871,152151.94756379997,0.4999854000052437,0.10010519999195823,0.04993079998530448,0.05000460002338514,0.9534617000026628
85,poy,alegria,control,130,ISNRSASW,EngPor,z,False,0.7313365000009071,152153.8086145,0.4998959999938961,0.10011840000515804,0.04986060000373982,0.050100899999961264,0.9857372000114992
86,blind,cegar,congruent,25,IOBRSKYN,EngPor,m,True,0.947774300002493,152155.9256438,0.5000353000068571,0.09992850001435727,0.050033099978463724,0.05029300000751391,1.2021436000068206
87,bland,cegar,control,125,MSKSMSKA,EngPor,m,True,0.479371399997035,152157.5565286,0.5002329000271857,0.0999840999720618,0.049394200003007434,0.050067800009855994,0.7223281000042334
88,doubt,dúvida,congruent,26,WSHQAZRM,EngPor,m,True,0.7366295999963768,152159.448469,0.4998932000016794,0.09999310001148842,0.05006829998455942,0.05030490001081489,0.9874351000180468
89,climb,alegria,incongruent,80,TFFZUPPM,EngPor,m,True,0.7853387999930419,152161.3976603,0.4998867999820504,0.10034560001804492,0.04966250000870786,0.049995999987004325,1.0001952000020538
90,sadness,tristeza,congruent,35,VSUOHWHW,EngPor,z,False,0.8892523999966215,152163.4185356,0.5000539000029676,0.09983349998947233,0.04998820001492277,0.05011599999852479,1.143773899995722
91,plate,coelho,incongruent,71,RSLHYCVD,EngPor,z,True,0.9141106999886688,152165.493696,0.5001960000081453,0.10023009998258203,0.04956590000074357,0.050031800026772544,1.1875526999938302
92,moment,momento,congruent,42,JQEZCBEZ,EngPor,m,True,0.8848466999770608,152167.5485858,0.4998494999890682,0.10009130000253208,0.05005439999513328,0.04990990000078455,1.0874205000000077
93,autumn,tosse,incongruent,94,DAGTAEMH,EngPor,m,True,0.6564633999951184,152169.3035722,0.4999091000063345,0.09975589998066424,0.05002570000942797,0.050029600010020665,0.8843754999979865
94,pish ,peixe,control,113,HKMODIJW,EngPor,z,True,0.777184100006707,152171.224548,0.4999179000151344,0.10001850000116974,0.050083699985407286,0.04992409999249503,1.015807700023288
95,dabbit,coelho,control,121,QYGTDDJS,EngPor,z,True,0.7279369999887422,152173.1095469,0.4998386999941431,0.10037369999918157,0.04971970000769943,0.049953300011111416,0.971065899997484
96,bridge,peixe,incongruent,63,IMXRRIDU,EngPor,z,True,0.7892236000043341,152175.0375617,0.5002098999975715,0.09975810002651997,0.049984599987510585,0.04999219998717308,1.0252469000115525
97,tooth,prato,incongruent,70,KLQURUBP,EngPor,z,True,0.6703164000064135,152176.8525296,0.4999855999776628,0.09999100002460183,0.049912799993762746,0.05007810000097379,0.9280290000024252
98,bottom,momento,incongruent,92,MZLLXRLB,EngPor,m,True,0.6608746999991126,152178.6775404,0.4999308999977074,0.10043960000621156,0.04960099997697398,0.049995800014585264,0.9036135000060312
99,bike,bicicleta,congruent,14,VGXOBWPW,EngPor,z,True,0.6399611000088044,152180.473497,0.4999724999943282,0.10000569999101573,0.050043800001731135,0.04999010000028648,0.8776039000076707
100,joy,feio,incongruent,81,QCZIQGCK,EngPor,m,True,0.7921024999814108,152182.4095314,0.4999430000025313,0.09993719999329187,0.050221100013004616,0.049788500007707626,1.0293283999781124
101,danber,perigo,control,145,OIGBGEVI,EngPor,m,True,0.8344126000010874,152184.3855116,0.4999572999950033,0.1000495000043884,0.05013339998549782,0.04987779998918995,1.0465500999998767
102,cat,vaca,incongruent,50,PPSYSBQN,EngPor,z,True,0.7115906999970321,152186.2125114,0.4995663999870885,0.10007630000473,0.04999060000409372,0.049991599982604384,0.9640381000062916
103,pottom,fundo,control,141,AWQGLXOM,EngPor,m,True,0.6199300000153016,152187.9885117,0.4998077999916859,0.1000454000022728,0.049978800001554184,0.05001459998311475,0.8240098000096623
104,daw,lei,control,132,ZSYENULG,EngPor,z,False,0.6141314000124112,152189.7167029,0.4999069999903441,0.100009100016905,0.05020719999447465,0.05038359999889508,0.8211974000150803
105,shoe,morango,incongruent,57,JHTUBSKZ,EngPor,z,True,0.811245399992913,152191.6484707,0.5003744999994524,0.0995851999905426,0.05003889999352396,0.05017580001731403,1.0208958000002897
106,badder,escada,control,105,ZFMXFAAB,EngPor,z,True,0.7429789000016171,152193.5135277,0.4999163000029512,0.1000431000138633,0.049935399991227314,0.05013049999251962,0.9494946000049822
107,wardrobe,leão,incongruent,73,BYBKIQGF,EngPor,z,True,0.6708888000284787,152195.2914991,0.4999293999862857,0.10005020000971854,0.049997299996903166,0.05005039999377914,0.9112161000084598
108,arm,braço,congruent,16,EFMJZVHR,EngPor,z,True,0.6063875000108965,152197.0445256,0.4999597000132781,0.10029629999189638,0.049618299992289394,0.0500614000193309,0.8508629999996629
109,fice,fogo,control,115,DPPXSDEW,EngPor,z,True,0.8964295999903698,152199.0845158,0.4995253999950364,0.10005350000574252,0.050021600007312365,0.05003049998776987,1.1631289000215477
110,dream,seco,incongruent,88,RVCVBLEL,EngPor,z,False,0.5915793000021949,152200.8465103,0.4997372000070754,0.10014229998341763,0.050067800009855994,0.049939099990297116,0.837576000019908
111,cream,escada,incongruent,55,DWNPVKKB,EngPor,z,True,0.9243765999854076,152202.93044770003,0.4998859999759589,0.100107600010233,0.04995960000087507,0.05015960001037456,1.1787240999983624
112,throat,lago,incongruent,59,AUGRDNLP,EngPor,z,True,1.0253080000111368,152205.1145168,0.5000722999975551,0.09994230000302197,0.04983099998207763,0.04994320002151653,1.288740099989809
113,rain,chover,congruent,49,MIOIWOCF,EngPor,m,True,1.3013783999776931,152207.5915084,0.4999216000142042,0.09997899999143556,0.05006239999784157,0.049966299993684515,1.4977936000213958
114,pridge,ponte,control,112,BUVBAWPG,EngPor,z,True,1.0112624000175856,152209.71843839998,0.4996009999886155,0.10022849999950267,0.04982320000999607,0.04999639999005012,1.2557264000060968
115,better,metade,incongruent,84,CGNISTAF,EngPor,m,True,0.7619436999957543,152211.63655089997,0.4999926000018604,0.09999340001377276,0.05002490000333637,0.04994179998175241,0.9665773000160698
116,danger,perigo,congruent,45,AFSWSCCD,EngPor,m,True,0.8728219000040554,152213.63161339998,0.4998046999971848,0.10078449998400174,0.049272500007646165,0.05005309998523444,1.0856776000000536
117,law,melhor,incongruent,83,DUVEALAG,EngPor,m,True,0.7737280000001192,152215.5165462,0.49976639999658795,0.10003699999651873,0.050034699990646914,0.050007800018647686,0.981170499988366
118,strawberry,morango,congruent,7,PEZEXHAF,EngPor,z,True,0.6491966000176035,152217.2755027,0.4998670999775641,0.10006190001149662,0.04999749999842607,0.05023980000987649,0.9143368999939412
119,soft,fome,incongruent,78,JLCHSCQU,EngPor,m,True,0.8036031999799889,152219.2465589,0.5002726000093389,0.09965469999588096,0.0499712000018917,0.05000709998421371,1.0398800000257324
120,climb,escalar,congruent,29,CKOWBYUW,EngPor,m,True,0.9877409000182524,152221.38147249998,0.5001985999988392,0.10010069998679684,0.04965699999593198,0.04996289999689907,1.2106231000216212
121,wolf,canudo,incongruent,61,QYDOAEGN,EngPor,z,True,0.7051109000167344,152223.2164656,0.4995603999996092,0.09996620001038536,0.05038829997647554,0.04982400001608767,0.9723626000049991
122,dry,seco,congruent,38,IFINMBDV,EngPor,m,True,0.7415277000109199,152225.135484,0.5000567999959458,0.1000239999848418,0.04971340001793578,0.04994810000061989,0.9643955999927131
123,sadness,profundo,incongruent,86,CIJHXHTU,EngPor,m,True,1.0652107000059914,152227.3437049,0.4999293999862857,0.10004720001597887,0.04998569999588653,0.04989140000543557,1.2877819999994244
124,fire,fogo,congruent,15,LTLRXXPM,EngPor,z,True,0.7547125999990385,152229.233508,0.499885400000494,0.09999789998983033,0.0500391999958083,0.05000879999715835,1.013021699996898
125,strawperry,morango,control,107,RGYQIDJT,EngPor,z,True,0.6195732000051066,152231.03245199998,0.4999139999854378,0.10005010000895707,0.05006939999293536,0.05001710000215098,0.8901989999867509
126,blate,prato,control,120,LSJIMIIR,EngPor,z,True,1.3107244000129867,152233.5234609,0.4997939000022598,0.10005660000024363,0.050321599992457784,0.0497136999911163,1.5485907999973278
127,joy,alegria,congruent,30,DNQCTKKJ,EngPor,m,True,1.5660788000095636,152236.2304381,0.500315999990562,0.099867400014773,0.049817999999504536,0.0500088999979198,1.8017676000017675
128,boft,suave,control,127,GCQYPLNH,EngPor,m,True,1.2254916000238154,152238.6064907,0.4998666000028607,0.10022419999586417,0.04981290001887828,0.050121999986004084,1.4580954000120985
129,tream,creme,control,104,FKNAVVLD,EngPor,z,True,0.8284294999903068,152240.57645370002,0.4997657000203617,0.10009279998485,0.050074900005711236,0.049957599985646084,1.0602387000108138
130,sing,verão,incongruent,97,KFEFLFMV,EngPor,m,True,0.6750211000035051,152242.390418,0.5003701999958139,0.09952900002826937,0.049987399979727336,0.05005250000976957,0.9194196999887936
131,hunger,fome,congruent,28,TJCBGMIZ,EngPor,m,True,0.794437900010962,152244.34344229999,0.4998912999872118,0.09998870000708847,0.04995409998809919,0.05002369999419898,1.0449021000240464
132,rabbit,coelho,congruent,21,TCKLWJTH,EngPor,z,True,0.6224536999943666,152246.12241729998,0.499884299992118,0.1001006000151392,0.049954599991906434,0.05024799998500384,0.8903647000261117
133,cet,gato,control,124,QVSTCXUI,EngPor,z,True,0.7064618000003975,152248.00644,0.4998969000007492,0.09987509998609312,0.05004980001831427,0.04995069999131374,0.9687986999924759
134,monent,momento,control,142,JPHYRYGR,EngPor,m,True,0.5444478999997955,152249.7284539,0.4994514999852981,0.10002080001868308,0.0511289999994915,0.04897139998502098,0.7515150000108406
135,fish,peixe,congruent,13,PQLCSIDU,EngPor,z,True,0.5933078000089154,152251.4274571,0.499814900016645,0.0999588999839034,0.05019870001706295,0.04995489999419078,0.8553607999929227
136,button,cereja,incongruent,52,PJRCSAOT,EngPor,z,True,0.6915608999843244,152253.29338370002,0.4997315999935381,0.10019339999416843,0.04982909999671392,0.050027200020849705,0.9364072000025772
137,wolf,lobo,congruent,10,TOPHGLWI,EngPor,z,True,0.6520973000151571,152255.10347770003,0.5055065000196919,0.0945415000023786,0.049595699994824834,0.050128899980336435,0.8986367000034079
138,evening,fundo,incongruent,91,PVBVNWSW,EngPor,m,True,0.7515827000024728,152257.0084772,0.4999620000016876,0.1002855999977328,0.04969730001175776,0.05474739999044687,0.9621226000017488
139,late,chover,incongruent,99,LQTLNETE,EngPor,m,True,0.7230334999912884,152258.8594707,0.4998069999855943,0.10020880002412014,0.04996289999689907,0.050031499995384365,0.9202039999945556
140,ebening,tarde,control,140,ZQNJNVMO,EngPor,m,True,0.6521314999845345,152260.788453,0.4998275999969337,0.1001721000066027,0.050205300009110936,0.0497079000051599,0.8874447999987751
141,ladder,escada,congruent,5,DETYTCFL,EngPor,m,False,0.7278458000218961,152262.66539829999,0.49963239999488,0.09994850002112797,0.050461499980883666,0.04964710000785999,0.9243968999944628
142,cow,vaca,congruent,0,ARBCNYCI,EngPor,z,True,0.6265024000022095,152264.3974742,0.5000048999791034,0.0999852000095416,0.050001499999780215,0.05056689999764785,0.9395426000119188
143,rabbit,armário,incongruent,72,EAYUSIHQ,EngPor,z,True,0.8946242000092752,152266.5163969,0.4998414999863599,0.09994069999083877,0.05011680000461638,0.05004890001146123,1.2163983999926131
144,bice,bicicleta,control,114,PPKYCMIM,EngPor,z,True,0.6174947999825235,152268.37842370002,0.4995201000128873,0.10009389999322592,0.05005920000257902,0.05464570000185631,0.8492385999998078
145,bry,seco,control,138,UXNVULFR,EngPor,z,False,0.7783879000053275,152270.4004204,0.499580200004857,0.0999615999753587,0.050178100005723536,0.04996609999216162,1.025625200010836
146,hunger,escalar,incongruent,79,GPVGDNHE,EngPor,m,True,1.893557800009148,152273.5164172,0.4998753999825567,0.10008560001733713,0.049987000005785376,0.05006069998489693,2.1747039000038058
147,wardrobe,armário,congruent,22,JZCTCVXV,EngPor,z,True,0.9573254999995696,152275.6644358,0.4997364000009839,0.10024679999332876,0.04989190000924282,0.04986369999824092,1.2194385000038892
148,law,lei,congruent,32,DQFMXKLM,EngPor,m,True,0.9408273999870288,152277.7643674,0.4999618000001647,0.10002979999990202,0.05052520000026561,0.04945560000487603,1.1831237000005783
149,pardrobe,armário,control,122,SXFOYCFG,EngPor,z,True,0.9256011999968904,152279.8503885,0.4996812999888789,0.10006329999305308,0.05001330000231974,0.049837200000183664,1.2367812000156846
150,semana,week,congruent,39,OQVWESUD,PorEng,m,True,1.5805765000113752,152325.39960310003,0.4998107000137679,0.09995909998542628,0.04998670000350103,0.050120400002924725,1.766438099992229
151,fogo,fire,congruent,15,BQCNLDMX,PorEng,z,True,0.7498641999845859,152327.2354675,0.4999255999864545,0.09985779999988154,0.05016149999573827,0.04994590001297183,0.9709405000030528
152,morango,strawberry,congruent,7,VEGDZXGE,PorEng,z,True,0.751925399992615,152329.1224083,0.4999011000036262,0.10006569998222403,0.05028729999321513,0.05016760001308285,0.99009350000415
153,canudo,straw,congruent,11,HPAQUBPA,PorEng,z,True,0.6237831000180449,152330.87735979998,0.4996833999757655,0.10005820001242682,0.0500113999878522,0.050035799999022856,0.7655096000235062
154,fapa,knife,control,118,QEXTHHEW,PorEng,z,True,0.6883152000082191,152332.60937229998,0.499964299990097,0.10049569999682716,0.050055600004270666,0.04951039998559281,0.9086564000172076
155,dúcida,doubt,control,126,QEUDQGVB,PorEng,m,True,0.6885884000221267,152334.4263602,0.499878999980865,0.10004030002164654,0.050007799989543855,0.05005299998447299,0.9063612000027206
156,cantar,danger,incongruent,96,CKGEMQSV,PorEng,m,True,0.7474197999981698,152336.303544,0.4999362999806181,0.0999092000129167,0.050404999987222254,0.04972710000583902,0.9818573000084144
157,vaca,cow,congruent,0,QXJNLETU,PorEng,z,True,1.0707978999998886,152338.5093451,0.5002770000137389,0.0996166999975685,0.050065399991581216,0.05005730001721531,1.283931499987375
158,escalar,hunger,incongruent,79,UDZUMWDL,PorEng,m,True,0.8476781000208575,152340.48753729998,0.5000970000110101,0.09988190000876784,0.050261099997442216,0.049758699984522536,1.050273600005312
159,findo,bottom,control,141,YIRPUDFC,PorEng,m,True,0.8804616000270471,152342.48634529999,0.499865799996769,0.09997569999541156,0.049510899989400066,0.049942700017709285,1.0748598999925891
160,butão,cow,incongruent,51,OQSQJMUO,PorEng,z,True,0.7340669999830425,152344.3233766,0.5000127000093926,0.1000062999955844,0.050418300001183525,0.04956000001402572,0.9600548000016716
161,ponte,straw,incongruent,62,JULFXAVR,PorEng,z,True,0.6928643999854103,152346.149377,0.4999531000212301,0.09996439999667928,0.05002999998396263,0.05001870001433417,0.9150117999815848
162,ponte,bridge,congruent,12,GSMRMQNP,PorEng,z,True,0.5981548999843653,152347.8734391,0.4999507000029553,0.10009779999381864,0.05006209999555722,0.050395900005241856,0.8284066999913193
163,toelho,rabbit,control,121,UTBFMAQA,PorEng,z,True,0.6863858999859076,152349.7783789,0.4998512000020128,0.10002969999914058,0.04999709999538027,0.050007699988782406,0.9152917000174056
164,dúvida,doubt,congruent,26,XPTPXXKF,PorEng,m,True,1.1727314999734515,152352.08236960002,0.4999322000076063,0.09994829999050124,0.04998589999740943,0.050037800014251836,1.3559205999772528
165,safato,shoe,control,106,GDXOWWXI,PorEng,z,True,0.7904777000076137,152353.9662698,0.5000270000018645,0.10033419998944736,0.04968890000600368,0.0499712000018917,1.018649000005098
166,semata,week,control,139,FNETFZOX,PorEng,z,False,0.8155824999848846,152355.908508,0.49990480000269605,0.10005069998442197,0.050012099993182346,0.049889300018548965,1.0314497999788728
167,momento,bottom,incongruent,92,ZUTBYIEA,PorEng,m,True,1.345154899987392,152358.3893284,0.4999164000037126,0.10108089999994264,0.04952000000048429,0.049569199996767566,1.5294714999909047
168,tonho,dream,control,137,LNFRXXSJ,PorEng,m,True,0.7127926000102889,152360.1903032,0.4998878999904264,0.0999557999894023,0.050023700023302815,0.050059799978043884,0.9235214000218548
169,corango,strawberry,control,107,AXMWHTHM,PorEng,z,True,0.7248497999971732,152362.03626179998,0.5003111000114586,0.09947119999560528,0.049995599983958534,0.05000870002550073,0.958733499981463
170,faca,box,incongruent,68,DOFJVRYG,PorEng,z,True,0.7046839999966323,152363.88330020002,0.4998390999971889,0.10002889999304898,0.05001010000705719,0.05009430000791326,0.9624654999934136
171,tristeza,half,incongruent,85,IXBHPWIP,PorEng,m,True,0.6928618999954779,152365.73828370002,0.4999980000138749,0.1003496999910567,0.049677500006509945,0.049938500014832236,0.9067720999883022
172,alegria,climb,incongruent,80,GDCXZGQB,PorEng,m,True,0.7606770999846049,152367.6233438,0.4999328999838326,0.10028189999866301,0.049728800018783666,0.05000069999368861,0.9763125999888872
173,dente,knife,incongruent,69,AJJYXISM,PorEng,z,True,0.7938582000206225,152369.540318,0.4998898000048939,0.10002679997705853,0.050412100012181334,0.04957949998788536,1.0296551000210457
174,metade,half,congruent,34,RVHVUWOQ,PorEng,m,True,0.6439184999908321,152371.3243255,0.4998175000073388,0.1004049000039231,0.04966879999847151,0.050026999990222976,0.8644425999955274
175,dantar,sing,control,146,UIJYDKJR,PorEng,m,True,0.7054351000115275,152373.16933,0.4998263999877963,0.10001880000345408,0.0500058000034187,0.05001020000781864,0.9234890999796336
176,garganta,throat,congruent,8,NYPCLRHE,PorEng,z,True,0.6414001999946777,152374.939339,0.4998752000101376,0.10013340000296013,0.04995650000637397,0.049992799991741776,0.8843843000067864
177,fundo,bottom,congruent,41,VABQZKOD,PorEng,m,True,0.6941486000141595,152376.79229220003,0.4999076999956742,0.0999520999903325,0.05004940001526848,0.05001239999546669,0.8984226000029594
178,escada,ladder,congruent,5,VKOLUWPQ,PorEng,z,True,0.8990267000044696,152378.7982884,0.499858299997868,0.10004800002207047,0.04996649999520741,0.05004549998557195,1.1440679999941494
179,caixa,box,congruent,17,YPTAZFTG,PorEng,z,True,0.6052019999769982,152380.67128520002,0.4998003999935463,0.10007399998721668,0.04999709999538027,0.04997470002854243,0.8421715999720618
180,gato,lion,incongruent,74,CUDZZAVF,PorEng,z,True,0.6578623999957927,152382.4742921,0.4998014000011608,0.1000404999940656,0.050157499994384125,0.04985730000771582,0.8924337000062224
181,braço,arm,congruent,16,WLHWVEAX,PorEng,z,True,1.3907026000088079,152385.00731179997,0.499834699992789,0.10002690000692382,0.05002910000621341,0.050034699990646914,1.6104326999920886
182,darganta,throat,control,108,IXUGXGQM,PorEng,z,True,0.626837699994212,152386.76125510002,0.4999285000085365,0.10001689998898657,0.049989899998763576,0.05037390001234599,0.8936247999954503
183,togo,fire,control,115,TZQMIVLX,PorEng,z,True,0.6404345000046305,152388.57532089998,0.5000136000162456,0.09977589998743497,0.05004259999259375,0.0500307000183966,0.8512498999771196
184,fogo,bike,incongruent,65,HZNNNHBH,PorEng,z,True,2.5135150999994953,152392.2152914,0.4999711000127718,0.0998927999753505,0.050117700011469424,0.049994600005447865,2.7294937999977265
185,prafundo,deep,control,136,UMOGKUZC,PorEng,m,True,0.6234880000120029,152393.9593111,0.4999565000180155,0.1004038999963086,0.049597400007769465,0.05001889998675324,0.8578447000181768
186,perigo,danger,congruent,45,BOEWUFHB,PorEng,m,True,0.7299039000063203,152395.8336791,0.4999371999874711,0.1000676000257954,0.0499742999963928,0.05009380000410602,0.9326932999829296
187,peco,dry,control,138,WRFHHRKQ,PorEng,z,False,0.9419125999847892,152397.8792296,0.50000950001413,0.09982410000520757,0.050069499993696816,0.050554299989016734,1.15035209999769
188,atrasaco,late,control,148,GSDUWDLO,PorEng,m,True,1.627415499999188,152400.615315,0.4998427999962587,0.09999170000082812,0.05030979998991825,0.04982580000068992,1.8564833999844268
189,receja,cherry,control,102,LKBSRPDH,PorEng,z,True,1.2932043000182605,152403.04828620004,0.4999414999911096,0.09998890000861138,0.05000590000418015,0.05002500000409782,1.493651600001613
190,armário,rabbit,incongruent,72,EEDLSDQT,PorEng,z,True,0.7270759999810252,152404.8822568,0.4998715000110678,0.10006820000126028,0.04995519999647513,0.050057899992680184,0.9372037999855821
191,sonho,deep,incongruent,87,GKRKUQJB,PorEng,m,True,0.6933034999819938,152406.6992748,0.4997414000099525,0.10003150001284666,0.050010399980237714,0.05027100001461804,0.8976384999987204
192,daca,cow,control,100,SFQJHLQR,PorEng,z,True,0.6244807999755722,152408.4303129,0.4998881999927107,0.10009290001471527,0.05021099999430589,0.04982320000999607,0.856070899986662
193,ponde,bridge,control,112,PASMJIUW,PorEng,z,True,0.7196876000089105,152410.3102957,0.4996180000016466,0.10047880001366137,0.0540941999934148,0.04545360000338405,0.9467864999896848
194,prato,tooth,incongruent,70,EMDNPPYD,PorEng,z,True,0.9745912000071256,152412.4322802,0.5001029999984894,0.10013020000769757,0.049640199984423816,0.05038810000405647,1.2174951000197325
195,suabe,soft,control,127,JJRKGZRC,PorEng,m,True,0.8705223999859301,152414.46223520002,0.5000271000026261,0.09992430001148024,0.05013459999463521,0.05012420000275597,1.0593785999808458
196,seco,dry,congruent,38,PANPCGTX,PorEng,z,False,1.0178233000042385,152416.5933085,0.49992750000092206,0.10002760001225396,0.05076569999800995,0.04920350000611506,1.2545120999857318
197,cegar,blind,congruent,25,XKNASPDI,PorEng,m,True,1.0680436999828091,152419.0112434,0.4999237000010908,0.09963459998834877,0.050077799998689436,0.050315800006501384,1.2767997999908405
198,coelho,rabbit,congruent,21,QRFSLLMQ,PorEng,z,True,0.6434480999887455,152420.7702138,0.4992067999846768,0.1002098000026308,0.0500995000184048,0.05042509999475442,0.8599124999891501
199,chover,rain,congruent,49,GCHBAKUU,PorEng,m,True,0.8492293999879621,152422.79224460002,0.5001855000155047,0.09966710000298916,0.049993399996310466,0.05005019999225624,1.0670425000134856
200,vaca,cat,incongruent,50,DCQRAZNL,PorEng,z,True,0.6945928999921307,152424.63825020002,0.4997845999896526,0.10003200001665392,0.05011369998101145,0.050276499998290085,0.9272619000112172
201,gato,cat,congruent,24,CEGKRCXV,PorEng,z,True,0.5350681000272743,152426.47831479998,0.4996612000104506,0.1000343000050634,0.050015699991490685,0.05001480001374148,0.7542025999864563
202,medade,half,control,134,AAWXYUFT,PorEng,m,True,0.6373849999799859,152428.2322606,0.5002953000075651,0.09963599999900907,0.04984890000196174,0.05033249998814426,0.867523799999617
203,belhor,better,control,133,AKBOIJSR,PorEng,m,True,0.7695523000147659,152430.2143052,0.500392300018575,0.09958779998123646,0.049967500002821914,0.050009600003249936,0.9695628000190482
204,bicicleta,bike,congruent,14,DDYPSUFW,PorEng,z,True,0.7295162999944296,152432.1746456,0.5001205999869853,0.09978650000994094,0.05007659998955205,0.049975500005530187,0.9719292999943718
205,terão,summer,control,147,PZJJITEA,PorEng,m,True,0.632856099982746,152434.079278,0.5001171999901999,0.0997454000171274,0.050007499987259514,0.05002279998734594,0.8477660000207834
206,profundo,sadness,incongruent,86,WKWLSLGZ,PorEng,m,True,0.7121287999907508,152435.9253225,0.499595400004182,0.0998760999937076,0.05028150000725873,0.04968860000371933,0.944498900003964
207,cavalo,horse,congruent,3,BPXBTFXX,PorEng,z,True,1.0278762999805622,152438.09645070002,0.5001465000095777,0.09973859999445267,0.050056799984304234,0.054992400022456416,1.2807819999870844
208,tarde,evening,congruent,40,WEJFHSGL,PorEng,m,True,0.8601185999868903,152440.30826400002,0.4999259000178426,0.10007769998628646,0.04997079999884591,0.05004160001408309,1.0716610999952536
209,cereja,button,incongruent,52,XKYCJDPT,PorEng,z,True,0.8444139000202995,152442.2922362,0.4999816999770701,0.09993020002730192,0.050098499981686466,0.04994200001237914,1.098987399978796
210,melhor,better,congruent,33,DSYAPYLV,PorEng,m,True,0.7285606999939773,152444.1932478,0.4996683000063058,0.1002052999974694,0.04981579998275265,0.05001380000612698,0.9608513000130188
211,prato,plate,congruent,20,AHSGNEJZ,PorEng,z,True,0.6995024000061676,152446.03224660002,0.4998848999966867,0.10015290000592357,0.04993589999503456,0.050165200023911886,0.9475281999912112
212,fundo,evening,incongruent,91,PHRTWEKZ,PorEng,m,True,0.7370975000085309,152447.93621120002,0.499838899995666,0.10004690001369454,0.04996429997845553,0.049982700002146885,0.9649290000088512
213,feio,ugly,congruent,31,WAHZCIVS,PorEng,m,True,0.7229602000152227,152449.7892285,0.499691899982281,0.10001910000573844,0.04995020001661032,0.050073199992766604,0.9227994999964722
214,sapato,ladder,incongruent,56,UCUAJOTD,PorEng,z,True,0.6693423000106122,152451.5702821,0.499797700002091,0.10031299997353926,0.049720700015313916,0.05004729999927804,0.9221114999963902
215,escalar,climb,congruent,29,VXQQQAZX,PorEng,m,True,0.9292460999859032,152453.66320570002,0.5002650999813341,0.09969719999935478,0.049987000005785376,0.050012099993182346,1.1816614000126722
216,outono,autumn,congruent,43,UGVNGEOO,PorEng,m,True,0.8575577000156045,152455.69222209998,0.4999505000014324,0.10001540000666864,0.04999259999021888,0.05008459999226034,1.0797539000050165
217,fome,soft,incongruent,78,EGQBUANX,PorEng,m,True,1.0831270999915432,152457.90120710002,0.4998486999829765,0.10001540000666864,0.05006639999919571,0.05001639999682084,1.325378900015494
218,outobo,autumn,control,143,VGNJWXEB,PorEng,m,True,0.665060800005449,152459.7173101,0.4998621999984607,0.10005649999948217,0.049978700000792735,0.05007389999809675,0.8751086000120267
219,bicicleta,fish,incongruent,64,PENMCTOG,PorEng,z,True,0.6307307999813929,152461.46656210002,0.4998771999962628,0.10002469999017194,0.050021200004266575,0.04996340000070632,0.8536793999955989
220,cato,cat,control,124,UNZHXUJX,PorEng,m,False,0.5574751000094693,152463.1602375,0.4998880999919493,0.10005700000328943,0.04996989999199286,0.050046699994709336,0.7570190000114962
221,cavalo,cherry,incongruent,53,QPKBHUXS,PorEng,z,True,2.3290602999913967,152466.5831878,0.4998465999960899,0.09999960000277497,0.049988599988864735,0.050075000006472685,2.562167600000976
222,tosse,cough,congruent,44,HBHNQKXP,PorEng,m,True,0.7404553999949712,152468.4612158,0.499957899999572,0.10000590002164243,0.05010809999657795,0.049953299982007586,0.9478753000148572
223,draço,arm,control,116,PSFSJKWR,PorEng,m,False,1.0763784000009764,152470.64819089998,0.4999655999999959,0.10101959999883547,0.049443299998529255,0.049576299992622815,1.2758282999857329
224,escelar,climb,control,129,KKUWDYOC,PorEng,m,True,0.8360488000034821,152472.5922441,0.4999253999849316,0.10009170000557788,0.04998499999055639,0.04999520001001656,1.0339939999976195
225,tristuza,sadness,control,135,NAPQDIDP,PorEng,m,True,0.7443426999961957,152474.43421170002,0.4999468000023626,0.09996580000733957,0.049946999992243946,0.050103699992178015,0.9252684999955818
226,creme,cream,congruent,4,UQDHMJLH,PorEng,z,True,0.7588241999910679,152476.28227370002,0.4999092000070959,0.10003349999897182,0.050046899996232234,0.050320700014708564,0.9781369999982416
227,dúvida,blind,incongruent,76,ODVHFKTQ,PorEng,m,True,0.6018398999876808,152478.0092226,0.4998727999918629,0.10003390000201763,0.05008559999987483,0.05023560000699945,0.7969486000074539
228,leão,wardrobe,incongruent,73,BWSFJLOB,PorEng,z,True,1.3172833000135142,152480.4251853,0.4997342999849934,0.10033320001093672,0.04976719999103807,0.04992849999689497,1.5418542000115851
229,tosse,autumn,incongruent,94,IHRYEORE,PorEng,m,True,0.7359652000013739,152482.2942685,0.4999596000125166,0.09999509999761358,0.04998630000045523,0.05000650000874885,0.9276963000011164
230,feio,joy,incongruent,81,AAOHARIC,PorEng,m,True,0.6188335999904666,152484.0112296,0.5002118999836966,0.09964930001297034,0.05003700000816025,0.050282299984246485,0.8158052999933716
231,sapato,shoe,congruent,6,NFDUDEVG,PorEng,z,True,0.5879350999894086,152485.71319470002,0.500061899976572,0.09980389999691396,0.049921800004085526,0.050012200023047626,0.8120558999944478
232,peite,fish,control,113,DDJPOTNA,PorEng,m,False,1.0089564999798313,152487.8511674,0.4991481000033673,0.10023870001896283,0.05038179998518899,0.049321900005452335,1.180742399999872
233,cereja,cherry,congruent,2,COWOQBCF,PorEng,z,True,0.8110037999867927,152489.7381474,0.4999029000173323,0.10000819998094812,0.049999200011370704,0.050072999991243705,1.0407468999910634
234,faca,knife,congruent,18,RQAUMSTS,PorEng,z,True,0.7343077000114135,152491.6112103,0.4999972000077833,0.1003416999883484,0.0496733000036329,0.049979800009168684,0.9702068000042344
235,peixe,fish,congruent,13,ISNRSASW,PorEng,z,True,0.8164894999936223,152493.5602853,0.5004530999867711,0.09950860001845284,0.05001720000291243,0.05007009999826551,1.0308263000042643
236,armário,wardrobe,congruent,22,IOBRSKYN,PorEng,z,True,0.6576958000077866,152495.3522291,0.4999496999953408,0.10002129999338648,0.04999200001475401,0.050021400005789474,0.8858606999856421
237,suave,doubt,incongruent,77,MSKSMSKA,PorEng,m,True,0.6853042000147981,152497.18026229998,0.4998601999832317,0.1000099999946542,0.04996709999977611,0.05009730000165291,0.8902025000134017
238,perigo,cough,incongruent,95,WSHQAZRM,PorEng,m,True,0.5881709000095725,152498.8832025,0.4999169000075199,0.10010229999898003,0.05001760000595823,0.05000180000206456,0.7839444999990519
239,melhor,law,incongruent,83,TFFZUPPM,PorEng,m,True,0.6487537000211887,152500.7273664,0.4997770999907516,0.10002730000996962,0.05000699998345226,0.05002230001264252,0.7850115999754053
240,pome,hunger,control,128,VSUOHWHW,PorEng,m,True,0.9928986000013538,152502.75614,0.5000233000027947,0.09993349999422207,0.05468510001082905,0.045415800006594516,1.202239699981874
241,dente,tooth,congruent,19,RSLHYCVD,PorEng,z,True,0.6419256999797653,152504.5051743,0.4999009000021033,0.0999815000104718,0.049981099989963695,0.05014490001485683,0.8600426999910269
242,capalo,horse,control,103,JQEZCBEZ,PorEng,z,True,0.6181423999951221,152506.2491627,0.4998325000051409,0.10005479998653756,0.050040700007230036,0.05004279999411665,0.8592620000126772
243,outono,moment,incongruent,93,DAGTAEMH,PorEng,m,True,0.6014324999996461,152507.9992906,0.4999712999851909,0.0999770000053104,0.05004500001086853,0.05005349998828024,0.8051250000135042
244,bicibleta,bike,control,114,HKMODIJW,PorEng,z,True,0.6616749999811873,152509.7786687,0.5018301999953111,0.09975470000063068,0.04908460000297055,0.050132200005464256,0.8920775000005959
245,arnário,wardrobe,control,122,QYGTDDJS,PorEng,z,True,0.8330795999791007,152511.78640450002,0.4981977000134066,0.0991671999800019,0.05013800002052449,0.05007619998650625,1.0774105000018608
246,deio,ugly,control,131,IMXRRIDU,PorEng,m,True,0.7119559999846388,152513.6637139,0.498873900010949,0.09932899998966603,0.04993830001330935,0.0500021000043489,0.903890199988382
247,peixe,bridge,incongruent,63,KLQURUBP,PorEng,z,True,0.6516406000009738,152515.439875,0.4995571000035852,0.09988069999963044,0.04987509999773465,0.05050529999425635,0.8851802999852225
248,petigo,danger,control,145,MZLLXRLB,PorEng,m,True,0.6337419000046793,152517.2576211,0.4991571000136901,0.09988419999717736,0.050325199990766116,0.04972239999915473,0.8395245000137947
249,lobo,lake,incongruent,60,VGXOBWPW,PorEng,z,True,0.7098563000035938,152519.09580739998,0.4988110999984201,0.09940569999162108,0.050050699996063486,0.049969300016528,0.9362185999925714
250,prado,plate,control,120,QCZIQGCK,PorEng,z,True,0.7385590999911074,152520.9967165,0.4992740000016056,0.099953099997947,0.05038430000422522,0.05047149999882095,0.9667111999879126
251,cebar,blind,control,125,OIGBGEVI,PorEng,m,True,0.7057100000092759,152522.8638557,0.4996915000083391,0.10045410000020638,0.04963220001081936,0.049862399988342083,0.9285085999872535
252,verão,summer,congruent,47,PPSYSBQN,PorEng,z,False,0.5458075999922585,152524.6528782,0.4993474000075366,0.09988110000267623,0.05014370000571944,0.04978450000635348,0.7596420999907423
253,lovo,wolf,control,110,AWQGLXOM,PorEng,z,True,1.5403951999905985,152527.3485605,0.4998688999912702,0.09976230000029318,0.05009889998473227,0.05048490001354367,1.764558900002157
254,cegar,rain,incongruent,75,ZSYENULG,PorEng,m,True,0.7313198000192642,152529.2549777,0.4984256000025198,0.10022989998105912,0.04992330001550727,0.049781200010329485,0.9453083999978844
255,atrasado,summer,incongruent,98,JHTUBSKZ,PorEng,m,True,0.6868529999919701,152531.1285359,0.4996004999848082,0.09915470000123604,0.05009710000013001,0.050075100007234134,0.9012126000015996
256,choter,rain,control,149,ZFMXFAAB,PorEng,z,False,0.5959205999970436,152532.8727703,0.4989414000010584,0.1000660000136122,0.05011079998803325,0.04978770000161603,0.8446604000055231
257,pei,law,control,132,BYBKIQGF,PorEng,m,True,0.9585518999956548,152535.0166655,0.4995525999984238,0.1000050000147894,0.050055400002747774,0.04969829999026842,1.1852719000016805
258,lago,throat,incongruent,59,EFMJZVHR,PorEng,z,True,0.9783997000195086,152537.138944,0.4996325999964029,0.0990596000046935,0.0509019999881275,0.04934970001340844,1.2514846999838485
259,profundo,deep,congruent,36,DPPXSDEW,PorEng,m,True,0.6095231999934185,152538.952846,0.4988568999979179,0.1001438999956008,0.05000109999673441,0.050157100020442165,0.8244042999867816
260,lugo,lake,control,109,RVCVBLEL,PorEng,m,False,0.5679728999966756,152540.67871120002,0.4992340999888256,0.1004716000170447,0.04938129999209195,0.04996090001077391,0.7517078999953809
261,darde,evening,control,140,DWNPVKKB,PorEng,m,True,1.2802973000216298,152543.0768266,0.4996374000038486,0.10069870000006632,0.049862899992149316,0.049644800019450486,1.4928244999900926
262,nomento,moment,control,142,AUGRDNLP,PorEng,m,True,0.6737071000097785,152544.8868158,0.4992261999868788,0.09993359999498352,0.05021849999320693,0.050140100007411086,0.8944263000157662
263,alegria,joy,congruent,30,MIOIWOCF,PorEng,m,True,0.6718845999857876,152546.73387710002,0.4996455000073183,0.10063210001681,0.049155999993672594,0.050231899978825816,0.8943056999996769
264,apegria,joy,control,130,BUVBAWPG,PorEng,m,True,0.6640147999860346,152548.5573554,0.4995658000116237,0.09947799998917617,0.049907700013136484,0.05030440000700765,0.8794296999985818
265,lobo,wolf,congruent,10,CGNISTAF,PorEng,z,True,0.7658047000004444,152550.4961312,0.5016194999916479,0.10079950001090764,0.049193199985893436,0.04981740002403967,1.0081660999858286
266,oscada,ladder,control,105,AFSWSCCD,PorEng,z,True,0.9015532000048552,152552.5973351,0.501706999988528,0.09797180001623927,0.04979249997995794,0.05062580000958405,1.1871582999883683
267,escada,cream,incongruent,55,DUVEALAG,PorEng,z,True,3.1301465999858924,152556.92832550002,0.5009869999776129,0.10052590002305806,0.049990400002570816,0.049943999998504296,3.4521050999755967
268,verão,sing,incongruent,97,PEZEXHAF,PorEng,m,True,0.9702205000212416,152559.18573520004,0.500529099983396,0.09819509999942966,0.05040560002089478,0.049604800005909055,1.1828284999937748
269,morango,shoe,incongruent,57,JLCHSCQU,PorEng,z,True,0.7153229999821633,152561.0647545,0.4999021000112407,0.10001029999693856,0.04934480000520125,0.049949199979892,0.9823171000170988
270,creme,horse,incongruent,54,CKOWBYUW,PorEng,z,True,0.9145266999839804,152563.18221220002,0.4998943999817129,0.09947240000474268,0.04983370000263676,0.049930700013646856,1.2111806999891996
271,lago,lake,congruent,9,QYDOAEGN,PorEng,z,True,0.7854652999958489,152565.2004363,0.4989016999898013,0.09912850000546314,0.05007739999564365,0.049981300020590425,1.0484686999989208
272,tristeza,sadness,congruent,35,IFINMBDV,PorEng,m,True,0.7395843999984208,152567.15886760002,0.4989275000116322,0.09946949998266064,0.05009030000655912,0.051358299999265,0.9541314000089188
273,metade,better,incongruent,84,CIJHXHTU,PorEng,m,True,0.6947611999930814,152569.00969910002,0.4982396999839693,0.09992120001697913,0.05073269997956231,0.04904580002767034,0.9020912999985741
274,lei,ugly,incongruent,82,LTLRXXPM,PorEng,m,True,0.6491053999925498,152570.7997913,0.4991915999853518,0.09989770001266153,0.05025390000082552,0.049849400005768985,0.8592444999958389
275,bosse,cough,control,144,RGYQIDJT,PorEng,m,True,0.7488903000194114,152572.7009701,0.4996548000199255,0.10057579999556764,0.04965480000828393,0.049902799975825474,0.9600500000233296
276,sonho,dream,congruent,37,LSJIMIIR,PorEng,m,True,0.7252512999984901,152574.5946794,0.4984537000127602,0.10019739999552256,0.04991159998462536,0.05016149999573827,0.93319410001277
277,bitão,button,control,101,DNQCTKKJ,PorEng,z,True,0.6105157999845687,152576.3659944,0.5017920999962371,0.09916290000546724,0.04963120000320487,0.0506978000048548,0.8588813999958802
278,deão,lion,control,123,GCQYPLNH,PorEng,m,False,0.567052500002319,152578.1383649,0.5007392999832518,0.09879710001405327,0.050871699990238994,0.04980239999713376,0.7748387000174262
279,cantar,sing,congruent,46,FKNAVVLD,PorEng,m,True,0.8140716000052635,152580.14668879998,0.5342889000021387,0.09721489998628384,0.049496299994643785,0.050017900008242584,0.9469071000057738
280,leão,lion,congruent,23,PQLCSIDU,PorEng,m,False,0.7074034999823198,152591.96657360002,0.4999013000051491,0.09873150000930764,0.04993609999655746,0.05172369998763315,0.8674780000001192
281,semana,dry,incongruent,89,PJRCSAOT,PorEng,m,True,0.7177752999996301,152593.7908474,0.4998858000035398,0.09996999998111278,0.0511943000019528,0.04822160000912845,0.8945073999930173
282,lei,law,congruent,32,LQTLNETE,PorEng,m,True,0.6577191999822389,152599.3146818,0.4990730000135954,0.09996809999574907,0.04998819998581894,0.0499409000040032,0.8515282000007574
283,chover,late,incongruent,99,ARBCNYCI,PorEng,m,True,1.062331599998288,152605.506272,0.4995427000103518,0.09859310000319964,0.05012119997991249,0.051087800005916506,1.2472957000136375
284,tarde,week,incongruent,90,EAYUSIHQ,PorEng,m,True,0.7201256999978796,152607.36349460002,0.4999333000159822,0.0996889999951236,0.050137200014432885,0.05010719998972489,0.930544100003317
285,atrasado,late,congruent,48,PPKYCMIM,PorEng,m,True,0.9557318000006491,152609.4834541,0.4994637000199873,0.09989630000200124,0.05009740000241436,0.04997229998116382,1.1514870999963025
286,seco,dream,incongruent,88,GPVGDNHE,PorEng,m,True,0.5978472999995574,152613.1109286,0.4990388999867719,0.09970220000832343,0.049859599996125326,0.05022179998923093,0.810237199999392
287,fome,hunger,congruent,28,JZCTCVXV,PorEng,m,True,0.7519053999858443,152615.01336050002,0.4988884000049438,0.09961430000839756,0.05008590000215918,0.04987799999071285,0.9708700999908616
288,suave,soft,congruent,27,DQFMXKLM,PorEng,m,True,0.6628578999952879,152616.9103676,0.5008875999774318,0.09854490001453088,0.04973909998079762,0.05196660000365228,0.8636761000088882
289,momento,moment,congruent,42,SXFOYCFG,PorEng,m,True,0.6000252999947406,152618.6171309,0.5003940000024159,0.10029079997912048,0.049976600013906136,0.051908699999330565,0.8125019999861252
