,prime,target,group,pair_index,mask,key_name,correct,key_rt,key_tDown,bm_dur,prime_dur,fm_dur,target_dur,frame_rate
0,fogo,fire,congruent,15,ZQQDGYRT,m,True,1.397197700000106,27508.564365400005,0.4816791999983252,0.098258199999691,0.04945679999946151,0.0503394000006665,60.2167683227359
1,escada,ladder,congruent,5,NNTJBAUK,m,True,0.7616035999999441,27510.514040400005,0.4821031999999832,0.11439290000271285,0.050111399999877904,0.049930599998333484,59.99030556656854
2,fapa,knife,control,118,BOQQUZDI,m,True,1.0157435000000987,27512.6863613,0.48115510000207,0.0990782999979274,0.05052989999967394,0.049075400002038805,58.911862551555224
3,peixe,bridge,incongruent,63,ZIGGKBKH,m,True,0.8172423000032722,27514.669748199998,0.4840062000002945,0.09922840000217548,0.049692299999151146,0.05024069999853964,59.471665616071576
4,garganta,throat,congruent,8,DWMHTEHY,m,True,0.8321175000019139,27516.7412875,0.4768238999968162,0.10180230000332813,0.04995950000011362,0.05029469999863068,59.349576125707614
5,cereja,cherry,congruent,2,XLVGCNDB,m,True,0.8631246999975701,27518.869649799995,0.4898659999998927,0.09955989999798476,0.05119010000271373,0.049077899999247165,60.179913870814744
6,cegar,blind,congruent,25,IHTLGOCU,z,True,0.7271939999991446,27521.083046499996,0.4779939000000013,0.09875910000118893,0.05000099999961094,0.05043039999873145,59.94341341776746
7,medade,half,control,134,ZJOPGIWP,z,True,0.8088882000010926,27523.1365214,0.4864594999999099,0.09786460000032092,0.050704400000540766,0.050710399998934015,60.54936438355803
8,creme,horse,incongruent,54,BRLOGIFO,m,True,1.0675010999984806,27525.3599696,0.4922236000020348,0.09723639999720037,0.05122510000001057,0.04954710000311025,60.357096727375705
9,verão,summer,congruent,47,VNCPGZHM,z,True,1.624066299998958,27528.202182300003,0.48386129999926203,0.10197989999869607,0.04997020000155317,0.04926319999867701,60.355748855539034
10,lobo,lake,incongruent,60,KCUHLVWO,m,True,1.3394543999966118,27530.7140146,0.4765566999994917,0.09984949999852688,0.050792800000635914,0.048886900000070455,60.79578028711995
11,tristeza,sadness,congruent,35,AHMUZZUW,z,True,0.9200782000007166,27533.017004,0.4866380999992544,0.10120150000147987,0.04989139999815961,0.04968840000219643,59.89322236371465
12,dúcida,doubt,control,126,EYRWYRLH,z,True,0.729717599999276,27534.989825,0.4834668999974383,0.10050050000063493,0.0490791000011086,0.06639039999936358,58.99228204016251
13,cantar,sing,congruent,46,RPPDLZVB,z,True,2.1427053999977943,27538.388246099996,0.4798648000032699,0.09873729999890203,0.05101690000083181,0.04919410000002245,60.90597639808124
14,garganta,strawberry,incongruent,58,MDSCQRNW,m,True,0.8681206000001112,27540.5590098,0.4784362999998848,0.10092679999797838,0.05011190000004717,0.050062300000718096,59.689198344104426
15,belhor,better,control,133,CXHWHZPE,z,True,0.9788083000021288,27542.7641994,0.4911226000003808,0.09912550000080957,0.05110870000135037,0.04889439999897149,60.28588773631657
16,pei,law,control,132,UOBRSSQP,z,True,0.9293988999997964,27544.844580799996,0.4731958999982453,0.1018012999993516,0.05053860000043642,0.050054600000294165,59.93392883654862
17,petigo,danger,control,145,YGSRYSSX,z,True,0.7442876000022807,27546.793095099998,0.4792799999995623,0.0983622000021569,0.04989109999951325,0.050079799999366514,59.44091068254729
18,apegria,joy,control,130,TJFVJPWU,z,True,1.019754600001761,27549.083324799998,0.4877677000004042,0.09820380000019213,0.04948819999845,0.05050860000119428,60.45499639491386
19,melhor,law,incongruent,83,JEIJLAHA,z,True,1.897200100000191,27552.194453400003,0.4899920999996539,0.09677250000095228,0.05083229999945616,0.0498239000007743,59.43437493988124
20,faca,knife,congruent,18,QWOAKQFL,m,True,0.8110532000027888,27554.230131099997,0.4894750999992538,0.10072800000125426,0.05045160000008764,0.04980449999857228,59.766432780766074
21,safato,shoe,control,106,PDMOMJSJ,m,True,0.9101263000011386,27556.425112800003,0.4775819999995292,0.09912140000233194,0.04883789999803412,0.05110680000143475,60.61215855589586
22,sapato,shoe,congruent,6,GNYKRDMD,m,True,0.6250025999979698,27558.2212573,0.4811763000034262,0.10143169999719248,0.05064240000137943,0.0478307000012137,60.2418711124331
23,atrasado,late,congruent,48,UGOBWIBO,z,True,1.1468783000018448,27560.564955799997,0.4854845000008936,0.0995068000011088,0.04979779999848688,0.050282899999729125,60.49837350126764
24,vaca,cow,congruent,0,HNNJJMYP,m,True,1.4753482000014628,27563.1898866,0.4860642000021471,0.10068459999820334,0.04915379999874858,0.0509885999999824,59.99646020983194
25,butão,button,congruent,1,CKEHOXIQ,m,True,0.7351708000023791,27565.1528241,0.4785458000005747,0.10037469999952008,0.050268200000573415,0.05018869999912568,59.76014667558776
26,feio,ugly,congruent,31,FJAFKXIY,z,True,0.7124887999998464,27567.013710900002,0.4845391000017116,0.09896170000138227,0.050495699997554766,0.050461599999835016,59.95347610206247
27,darganta,throat,control,108,DMVVLCXT,z,False,0.7074628999980632,27568.907860000003,0.4753874999987602,0.0986854000002495,0.05095480000090902,0.050142600000981474,59.96267922741964
28,ponte,bridge,congruent,12,XGHOHZTC,m,True,1.9811512000014773,27572.1818399,0.4836976000005962,0.09989010000208508,0.05049209999924642,0.049819199997727985,60.25519279350785
29,creme,cream,congruent,4,LNNCYNDO,m,True,0.8836770999987493,27574.2689999,0.4883773000001384,0.09996680000040216,0.049806300001364434,0.0500581999986025,59.94398833648028
30,suave,soft,congruent,27,UIHKWMXK,z,True,0.9073237000011432,27576.393450200005,0.4882240000006277,0.09964829999807988,0.04948590000276454,0.05096079999930225,60.49486005413044
31,dente,tooth,congruent,19,FJOQEZFE,m,True,1.1832501999997476,27578.7855514,0.4778121999988798,0.10003589999905672,0.05096980000234908,0.04935529999784194,60.55134420914609
32,togo,fire,control,115,ZNFFREUS,m,True,0.6921228999999585,27580.646019200005,0.4784123000026739,0.10081439999703434,0.04902109999966342,0.050280600000405684,60.647815708980204
33,lago,lake,congruent,9,GFJJZMSC,m,True,0.955662799999118,27582.877430799996,0.4869889000001422,0.099679399998422,0.05010430000038468,0.05077970000274945,59.81090185326519
34,sapato,ladder,incongruent,56,LSAGQSQE,m,True,0.7852433000007295,27585.006324299997,0.484878999999637,0.09668190000229517,0.0522845999985293,0.048062400001072085,60.3216349567499
35,melhor,better,congruent,33,VNCBVIWR,z,True,0.895220700000209,27587.168130299997,0.474260900002264,0.10085599999729312,0.04999360000147135,0.04995720000079018,60.10959180692072
36,findo,bottom,control,141,NBMLBLOF,z,True,1.422187200001645,27589.8142329,0.4793969000020297,0.10049259999868808,0.04889560000083293,0.04906809999738471,59.65266638362359
37,lei,law,congruent,32,QOQUIKBA,z,True,0.7324036999998498,27591.7421722,0.4766769000016211,0.10211359999811977,0.04838799999924959,0.05123380000077304,60.341290337341206
38,daca,cow,control,100,SRWIIENU,m,True,0.9605774999981804,27593.972061400003,0.4814201999979559,0.09979680000105873,0.04851590000180295,0.05171419999896898,60.53565580408352
39,tarde,evening,congruent,40,DBRJCORK,z,True,0.917187200000626,27596.1790369,0.4828349000017624,0.10276929999963612,0.048778299998957664,0.05018740000014077,59.87511249130311
40,fome,soft,incongruent,78,VEPGPYNU,z,True,0.7116863999981433,27598.125051099996,0.4895257999996829,0.09855989999778103,0.053469099999347236,0.049868200003402315,60.125530081240406
41,momento,bottom,incongruent,92,AXFMXZPD,z,True,0.9228626000003716,27600.2471265,0.4851837000023807,0.09933710000041174,0.04962699999668985,0.04990430000179913,59.660673951168434
42,escelar,climb,control,129,UVNXDTST,z,True,1.7453432000002067,27603.192017400004,0.4863340000010794,0.1007867999978771,0.04960220000066329,0.049958799998421455,61.021189607028504
43,pome,hunger,control,128,QNNAGYSG,z,True,0.8607913999985612,27605.3740148,0.4806955999993079,0.09933269999964978,0.05118940000102157,0.050063599999702994,60.113458140552
44,daixa,box,control,117,DZIQOOHH,m,True,0.6682096999975329,27607.230037700003,0.4838468000016292,0.10280929999862563,0.04812300000048708,0.05012960000021849,59.723349499697036
45,seco,dream,incongruent,88,JPQETKHA,z,True,0.8513464999996359,27609.280082200003,0.4876851000008173,0.09778300000107264,0.050876099998276914,0.04953390000082436,59.881458664120544
46,prato,tooth,incongruent,70,SUKGKOBC,m,True,1.243519200001174,27611.73907,0.4894767000005231,0.09982250000030037,0.04937019999852055,0.04970090000279015,59.52685673271525
47,banudo,straw,control,111,HOKHNBXE,m,True,1.1460775999985344,27614.111727999996,0.4777477999996336,0.10034020000239252,0.051071899997623404,0.0505025000020396,59.597206320898145
48,sonho,deep,incongruent,87,FRXXIYMX,z,True,0.7739141000020027,27616.1231699,0.4829591999987315,0.09879100000034667,0.05018940000081784,0.050241500000993256,60.61561215730704
49,escalar,climb,congruent,29,OCVMGNWV,z,True,1.02101870000115,27618.3392366,0.4877171000007365,0.10084540000025301,0.04920189999756985,0.05075720000240835,58.94856973115096
50,caixa,box,congruent,17,GEIHCRYM,m,True,1.0011529000003063,27620.512639099998,0.4848566000000574,0.10085780000008526,0.0479661000026681,0.049370699998689815,59.969259756815866
51,metade,better,incongruent,84,WLOJGQGJ,z,True,0.95627020000029,27623.838300200005,0.4880054999994172,0.09832420000020647,0.05032840000058058,0.05001949999859789,59.920569293223906
52,tonho,dream,control,137,GTXFZPFC,z,True,0.877010700001847,27625.9307936,0.4775111000017205,0.10023549999823443,0.05190339999899152,0.049619699999311706,60.744595096953354
53,seco,dry,congruent,38,SVDKSNFQ,z,True,0.7036976000017603,27627.905162199997,0.48617589999776095,0.1018420000000333,0.05050160000246251,0.04859709999800543,59.983072776718295
54,cebar,blind,control,125,EXNSUQWS,z,True,1.9007953000000268,27631.0407677,0.4896670000016457,0.09921250000115832,0.05259459999797401,0.05038950000016485,60.133014227436064
55,tristuza,sadness,control,135,OPGJKOGQ,z,True,0.7593747999999323,27633.011062299996,0.4750577000013436,0.10028349999993223,0.04903809999814257,0.05145970000012312,60.43015392093457
56,braço,fire,incongruent,66,IFXQUXJU,m,True,-12.66070299999774,27621.659181299998,0.4796016999971471,0.09933799999998882,0.04932430000189925,0.051986200000101235,59.6737754049811
57,morango,shoe,incongruent,57,QHHOSVDQ,m,True,-1.2790710999979638,27635.7251952,0.4788129000007757,0.09842379999827244,0.050681400000030415,0.050386400002025766,59.60907178613218
58,denti,tooth,control,119,ICSFAOGY,m,True,-1.4129685999978392,27637.7532944,0.4755552999995416,0.1005236999990302,0.04980210000212537,0.049259299998084316,60.572030139198645
59,cato,cat,control,124,BFWCKGIJ,m,True,-1.2312255000033474,27639.970980500002,0.4865427000004274,0.10056930000064312,0.050155000000813736,0.0504676999989897,61.19561545638276
60,sonho,dream,congruent,37,LGPBAVVW,z,True,0.6724572999992233,27644.0905917,0.4889254000008805,0.09892860000036308,0.050536899998405715,0.04968320000261883,60.57738730979108
61,darde,evening,control,140,KGXDHQBW,z,True,0.8669932000011613,27646.120757,0.4809192000029725,0.09920009999768807,0.05242080000243732,0.04757499999686843,60.33309903886341
62,draço,arm,control,116,WTKIIGQO,m,True,-5.1618837999994875,27642.245563,0.4807131000015943,0.1019629000002169,0.04915909999908763,0.050192300001072,59.82288835614485
63,cereja,button,incongruent,52,ZUXWXLMJ,m,True,-1.2834732000010265,27648.789137599997,0.4854173999992781,0.09988280000106896,0.04961209999964922,0.04976639999949839,60.302465104548226
64,corango,strawberry,control,107,IGQFEMBH,m,True,-1.2049741000009817,27651.701942000003,0.4843940999999177,0.1007884999999078,0.05052729999806616,0.047766300001967466,59.314232568930386
65,peco,dry,control,138,TIOESAQU,z,True,0.8444675999999163,27655.886064099996,0.4811243000003742,0.10041300000011688,0.05124660000001313,0.0502928999994765,60.05800401929283
66,escada,cream,incongruent,55,SEKFXZGG,m,True,-3.6455825000011832,27653.596143400002,0.4752816000000166,0.10062960000141176,0.04858109999986482,0.051013599997531855,58.59009956197282
67,cavalo,cherry,incongruent,53,NVXCPHGV,m,True,-1.1769314999983178,27658.087106700004,0.4834248000006482,0.09855179999794927,0.05101990000184742,0.051297300000442185,60.359173296826285
68,perigo,cough,incongruent,95,UWROJTPF,z,True,0.8691065000020899,27662.645195999998,0.4801512000012736,0.09926110000014887,0.049995099998341175,0.050683700002991834,59.568769761928394
69,coelho,rabbit,congruent,21,VLLPHUHH,m,True,-3.3425914999970696,27660.519314499998,0.4787218999990728,0.09900560000096448,0.05060220000086702,0.05047299999932875,59.65191912123984
70,semata,week,control,139,EPQXMKQK,z,True,0.7526149000004807,27666.548146200003,0.4748379000011482,0.10115280000172787,0.05070489999707206,0.049544800000148825,61.23811215179834
71,bicicleta,bike,congruent,14,XGTSUOMR,m,True,-3.1344204999986687,27664.6281439,0.4779441999999108,0.10084600000118372,0.05016780000005383,0.049004799999238464,59.87052400469098
72,suave,doubt,incongruent,77,XHISZQTT,z,True,0.6514052999991691,27670.494031000002,0.4861458000013954,0.09930639999947743,0.049556199999642565,0.04962249999880442,60.298538062544395
73,semana,dry,incongruent,89,MQXQGMJV,z,True,0.761239100000239,27672.5058944,0.4869870000002266,0.10096980000162148,0.05006769999818062,0.049600199999986216,60.025126518430824
74,gato,lion,incongruent,74,BLLTRIJA,m,True,-5.094327399998292,27668.601012700005,0.4876930999998877,0.09944960000211722,0.049987699996563606,0.050326100001257146,59.76186093558518
75,dantar,sing,control,146,TLRAOBQZ,z,True,1.0026219999999741,27676.9641569,0.4823913000000175,0.1000744000011764,0.0513104999990901,0.04960879999998724,60.36219732822755
76,cantar,danger,incongruent,96,BSGXHSYL,z,True,0.7546718000012334,27678.8831335,0.4840748999995412,0.10010630000033416,0.05006919999868842,0.05007359999945038,59.58080139745768
77,nomento,moment,control,142,XUPETOHJ,m,False,-5.414475100002163,27674.681071900006,0.4784343999999692,0.10037629999715136,0.04914670000289334,0.049093300000095035,60.1869044137934
78,bosse,cough,control,144,IEHOXFAR,z,True,0.6985664999992878,27683.083382,0.4850925999999163,0.10093810000034864,0.04902360000050976,0.0516868999984581,59.78165348908404
79,outobo,autumn,control,143,KBDFLZJT,z,True,1.0748528999974951,27685.454157300002,0.4807371999995666,0.09837469999911264,0.0510074000012537,0.04884849999871221,60.213976386461475
80,alegria,joy,congruent,30,GAOVCCDK,z,True,0.7250295000012557,27687.406048799996,0.4901360999974713,0.09918360000301618,0.05004539999936242,0.050123999997595085,60.63420957862518
81,fundo,evening,incongruent,91,LCYTJXMD,z,True,0.7341678999982832,27689.3310765,0.4915564000002632,0.09975829999893904,0.04974740000034217,0.048633099999278784,59.50142565455906
82,atrasaco,late,control,148,HUPGPOBA,z,True,2.3064321000019845,27692.886854000004,0.4846297000003688,0.09834909999699447,0.05058389999976498,0.049810900000011316,60.95022621657576
83,lago,throat,incongruent,59,OGDELWAX,z,False,0.8325002999990829,27694.9649301,0.4890539000007266,0.09681929999715068,0.05113210000126856,0.05041859999982989,60.31952458592982
84,bicibleta,bike,control,114,EHGAWPRU,m,True,-15.121071300000038,27681.028060900004,0.4884337000003143,0.10090860000127576,0.04914949999874807,0.050231400000484434,59.49873505612464
85,butão,cow,incongruent,51,LMJBEUKP,z,False,0.8029956999998831,27698.8256087,0.4840861000011501,0.10083970000050613,0.05216010000003735,0.05034019999948214,59.329047797514626
86,canudo,wolf,incongruent,61,EXFDZOZC,m,True,-3.2300016000008327,27696.8377658,0.478420700001152,0.09983640000064042,0.0512094999976398,0.04768020000119577,59.88619228070311
87,atrasado,summer,incongruent,98,XTWAGNSW,z,True,2.5113959000009345,27706.413124199997,0.4811749000000418,0.10064069999862113,0.04970369999864488,0.04978310000296915,59.4398860657795
88,fogo,bike,incongruent,65,PMXYICJP,m,True,-4.9020891999971345,27702.749785699998,0.4756314000005659,0.10069690000091214,0.05049489999873913,0.04965260000244598,59.505178735057754
89,outono,autumn,congruent,43,ABDDMWOQ,z,True,1.3108878999992155,27710.816496,0.4842056000015873,0.0977802999987034,0.051735199998802266,0.04999600000155624,59.87288985449957
90,lei,ugly,incongruent,82,PESJVLVF,z,True,0.8737832000006165,27712.944891000003,0.4788595999998506,0.09748889999900713,0.050759500001731794,0.049831299998913885,59.9241240736124
91,arnário,wardrobe,control,122,HUKKZJHI,z,False,0.9644739999966988,27715.057896,0.4891313000007358,0.10415199999988543,0.04793739999877289,0.05057500000111759,60.142598100673396
92,braço,arm,congruent,16,TBCNNLAQ,m,True,-7.966980199998942,27708.286025300004,0.4890317000026698,0.09743609999713954,0.049424100001488114,0.0496181999988039,59.72613179494178
93,cegar,rain,incongruent,75,GAJJXPDQ,z,True,1.862463099998422,27720.167283999996,0.4771896000020206,0.09937150000041584,0.05001799999809009,0.05064219999985653,60.18273886771889
94,coelho,plate,incongruent,71,URXDKVCR,m,True,-4.345242899998993,27717.0763883,0.4876549000000523,0.10112579999986336,0.04565319999892381,0.05036240000117687,60.02202808477693
95,lovo,wolf,control,110,NNGHMCWW,m,True,-1.2746017000026768,27722.751091000002,0.4776593999995384,0.10065709999980754,0.0487487999998848,0.050342500002443565,59.86636629669089
96,alegria,climb,incongruent,80,PILPXHDA,z,True,2.3981910999973484,27728.838986000002,0.4910516999989341,0.10042939999766533,0.04957050000302843,0.04904429999805871,61.07332707947064
97,ponte,straw,incongruent,62,UQMENTOU,m,True,-4.775543199997628,27725.254436299998,0.477944900001603,0.10027579999950832,0.053599799997755326,0.04817410000032396,60.03546895562193
98,gato,cat,congruent,24,ILTTFRLG,m,True,-1.3164074000014807,27730.9762608,0.4799939999975322,0.10080799999923327,0.05100250000032247,0.05017990000123973,59.18928437098271
99,fome,hunger,congruent,28,XWSYYJDS,z,True,0.7822980000019015,27735.011884599997,0.4856276999998954,0.09951100000034784,0.05106220000016037,0.05015039999852888,59.8335908160888
100,lobo,wolf,congruent,10,KWYCTVWZ,m,True,-3.496535499998572,27732.964189200004,0.4884047999985341,0.09848190000047907,0.049060800000006566,0.05133630000273115,60.871719546903016
101,suabe,soft,control,127,IOSQFMLR,z,True,0.7356475999986287,27739.249073400002,0.4797376000024087,0.10086239999873214,0.050952000001416316,0.051035299999057315,60.258751077473576
102,prato,plate,congruent,20,VQQNXOWI,m,True,-3.27048780000041,27737.356582300003,0.4836873999993258,0.09874159999890253,0.04884799999854295,0.050144500000897096,61.168140207506596
103,peite,fish,control,113,DAHCQTTH,m,True,-1.2465592000007746,27741.3839253,0.4823385000017879,0.1011953999986872,0.04882509999879403,0.04987980000078096,59.40464663175753
104,deão,lion,control,123,ICHDWKAO,m,True,-1.1809084999986226,27743.749938099998,0.476118000002316,0.10042359999715698,0.05048960000203806,0.04995389999749023,59.345913085027334
105,leão,wardrobe,incongruent,73,ZHDZTDFT,m,True,-1.2140517000007094,27745.5163986,0.4791313999994601,0.0986566000028688,0.04900069999712287,0.05136740000307327,58.90617130462506
106,outono,moment,incongruent,93,OROHXPJY,z,True,0.973864700001286,27749.8538931,0.4905318999990413,0.10179380000045056,0.04848869999841554,0.049472300001070835,59.62439019253751
107,profundo,sadness,incongruent,86,HCOXNMNA,z,True,0.7022196999969309,27751.7660266,0.4846351999985927,0.09858259999964504,0.0509715000007418,0.050590200000442564,60.02501842732801
108,dente,knife,incongruent,69,AECUPSVA,m,True,-5.557533799998055,27747.5768107,0.4885456999982125,0.09833939999953144,0.05121330000110902,0.04947850000098697,60.710114063069035
109,toelho,rabbit,control,121,LWXJYKPA,m,True,-1.2457723999978043,27753.852043700004,0.4749123000001418,0.1014205999999831,0.04789140000139014,0.051405599999270635,59.64469654176019
110,tosse,autumn,incongruent,94,OFPIEZAM,z,True,0.7027510000007169,27757.653854900003,0.485712899997452,0.10004599999956554,0.050292200001422316,0.04976349999924423,60.36460219772627
111,faca,box,incongruent,68,SUMSQMVH,m,True,-3.1975787999981544,27755.8011138,0.4780987000012829,0.09866899999906308,0.050302499999816064,0.050425400000676746,59.73230370765169
112,armário,rabbit,incongruent,72,ZWGVOLUS,m,True,-1.2362424999992072,27759.912556200004,0.4863083000018378,0.10065369999938413,0.049126699999760604,0.05023069999879226,60.669340566703006
113,caixa,arm,incongruent,67,CXZEKFAS,m,True,-1.1790400999998385,27761.751991,0.4870489999993879,0.10203910000200267,0.04983139999967534,0.04824290000033216,60.126036196520424
114,deio,ugly,control,131,WKMBJQIA,z,True,0.7052777999997488,27765.5058927,0.4829711000020325,0.09875059999831136,0.048470500001712935,0.051250000000436564,60.010069689522474
115,dúvida,blind,incongruent,76,TIGCAGRP,z,True,1.3718880999986138,27768.070604900004,0.4782515999977477,0.10011080000185756,0.05040519999965909,0.04966499999864027,59.76225380266246
116,crene,cream,control,104,XJLZNFJD,m,True,-5.6129596999999185,27763.626048799997,0.4923625999981596,0.0960088000028918,0.049754899999243214,0.053052100000059006,59.38735999387847
117,semana,week,congruent,39,RGLTLZBV,z,True,0.7073467000009259,27771.975694800003,0.4779583999988972,0.10304330000144546,0.05036409999956959,0.047888499997498,61.06344430741543
118,canudo,straw,congruent,11,UBHBQTGX,m,True,-3.2041443000016443,27770.098630400003,0.4808215999983077,0.10003040000083274,0.0500995000002149,0.050459699999919394,59.22174338159276
119,vaca,cat,incongruent,50,ADWVFFRW,m,True,-1.1950224000029266,27773.973873900002,0.4876369999983581,0.10260249999919324,0.048595700001897064,0.049467099997855264,58.726699447654845
120,prafundo,deep,control,136,ORWDFCGY,z,True,0.7090482999992673,27777.746035400003,0.4768320000002859,0.09941500000059024,0.04959129999770085,0.04955210000116495,59.4610568733514
121,bicicleta,fish,incongruent,64,XGWCQQHD,m,True,-3.3714074999988948,27775.7990431,0.4879928000009386,0.10030009999900358,0.05131310000069789,0.04836530000102357,59.60836114607588
122,escalar,hunger,incongruent,79,ZCOJYHNI,z,True,0.6782184999974561,27781.803002200002,0.4973592999995162,0.10360980000041307,0.048243299999739975,0.05066599999918253,60.426940505508696
123,perigo,danger,congruent,45,SQKSYDKD,z,True,1.1059093999974718,27784.213206700002,0.4879147000028752,0.10030120000010356,0.05083499999818741,0.04866039999978966,60.49636053963918
124,chover,rain,congruent,49,OFLXMHHM,m,False,-5.693693700002768,27779.8279824,0.4774641000003612,0.10312189999967812,0.0488614999994752,0.0491081000000122,60.4490396456767
125,profundo,deep,congruent,36,YZRMQWKM,z,True,0.6827259999990929,27788.1868685,0.4876918000009027,0.10001589999956197,0.04959600000074715,0.050006999998004176,60.613517905869124
126,oscada,ladder,control,105,JTKQQLXH,m,True,-3.2042575999985274,27786.3016777,0.4762210000008054,0.10003429999778746,0.05045740000059595,0.05103570000210311,60.455252230416974
127,terão,summer,control,147,ZEHCHFKY,z,True,0.6469379999980447,27792.040619800002,0.4809740999990026,0.10070600000108244,0.04925599999842234,0.05010519999996177,60.79785018828045
128,armário,wardrobe,congruent,22,KEQZSBQP,z,False,0.7403391999978339,27794.0677663,0.4739841999980854,0.10157540000000154,0.050122000000556,0.05045790000076522,60.66860442294816
129,tarde,week,incongruent,90,KBAYGFZL,z,True,1.8766519999990123,27797.0837778,0.4915163000005123,0.09890309999900636,0.049397099999623606,0.05081730000165408,59.65088721707848
130,tristeza,half,incongruent,85,WHJHNGBU,z,True,0.7028271000017412,27798.9951202,0.4786442999975407,0.1015071000001626,0.048841100000572624,0.04952050000065356,59.51994781262324
131,momento,moment,congruent,42,PRXTWLXO,z,True,1.2284026999986963,27801.4719973,0.4794008000026224,0.10080679999737184,0.050178299999970484,0.04951740000251448,60.61237898706533
132,fundo,bottom,congruent,41,ITDUMMTV,z,True,3.9591174999986833,27806.7007953,0.4765157000001636,0.10025619999942137,0.0502556999999797,0.04940700000224752,61.66296380587228
133,verão,sing,incongruent,97,UKSTREJS,z,True,1.006244299998798,27808.934962900003,0.4762582999974256,0.10070990000167512,0.04990650000036112,0.05035669999779202,60.52378494000769
134,capalo,horse,control,103,QJKCCLZM,m,True,-19.963314600001468,27790.181743799996,0.4744042999991507,0.10070170000108193,0.04895349999787868,0.051333300001715536,61.3521774510695
135,choter,rain,control,149,WQQMZPHJ,m,False,-1.1974979999977222,27811.268181200005,0.4774649999999383,0.10166640000170446,0.051165699998819036,0.0495431000017561,60.08918436755062
136,cavalo,horse,congruent,3,XBXFGIXF,m,True,-1.5249245000013616,27813.4718454,0.4772902000004251,0.10031289999824368,0.047259200000553385,0.05043139999906998,60.034531862711226
137,ponde,bridge,control,112,RRGKYDQU,m,True,-1.206016100000852,27815.860102,0.4776799999999639,0.09955679999984568,0.04945439999937662,0.05209780000222963,59.36416233004961
138,dúvida,doubt,congruent,26,JKJDUVJX,z,True,0.7627739999988989,27819.943879500002,0.489411900001869,0.10104339999816148,0.04827130000194302,0.050688700001046534,60.30137420772476
139,metade,half,congruent,34,LEZLCNBJ,z,True,0.6356440000017756,27821.8218864,0.4842932999999903,0.10122860000046784,0.051040099999227095,0.04939100000046892,59.5224986114414
140,chover,late,incongruent,99,NOCAXPQJ,z,True,1.9822284000001675,27825.0979912,0.4785585999998148,0.1003963000002841,0.048634799997671514,0.05059480000272743,59.75807540632328
141,peixe,fish,congruent,13,EUYFYUUF,m,True,-8.658856199999718,27817.940847600003,0.4808076999979676,0.10015150000253924,0.050428699996700736,0.04912289999992936,59.858948373165596
142,receja,cherry,control,102,RWTAAGRX,m,True,-1.1485834000013708,27827.3851033,0.4872279000010167,0.1024511999967217,0.04854450000129873,0.049614999999903375,60.07034237069068
143,leão,lion,congruent,23,ZBWPWPVW,m,True,-1.1803250000011758,27829.653220999997,0.4903548000002047,0.1012458000004699,0.05077059999894118,0.04804009999861592,59.302554517688534
144,feio,joy,incongruent,81,OPYKGXHP,m,False,-1.1438938999999664,27831.8039561,0.4804447999995318,0.10069239999938873,0.049792000001616536,0.04815249999955995,60.460881204574775
145,tosse,cough,congruent,44,JYARCISD,z,True,0.7312740999987001,27835.6181985,0.4822219000016048,0.1004742000004626,0.04983439999705297,0.0487914000004821,60.451086002958824
146,bitão,button,control,101,BSIAOGFV,m,True,-3.078144399998564,27833.8078866,0.4835546000031172,0.10026649999781513,0.04962630000227364,0.0507813999975042,61.145213155198476
147,lugo,lake,control,109,YBLONECO,m,True,-1.2203434000002744,27838.534538,0.4807715999995708,0.10044919999927517,0.04778910000095493,0.05155929999818909,60.37436939029113
148,morango,strawberry,congruent,7,YVKSTRXL,m,True,-1.1713978000007046,27840.5675726,0.4864650000017718,0.09953870000026653,0.050778900000295835,0.0498154999986582,59.97843175579597
149,prado,plate,control,120,YOMLUIXK,m,True,-1.1876144999987446,27843.085483599996,0.4901725999989139,0.10149259999889182,0.04927200000020093,0.049967500002821914,59.80939940550653
150,bland,cegar,control,125,ZQQDGYRT,z,True,2.1166796000034083,27860.6206568,0.5536558000021614,0.0982265999991796,0.04856289999952424,0.050142399999458576,60.02228027020536
151,badder,escada,control,105,NNTJBAUK,m,True,-16.919904000002134,27844.887170200003,0.48896210000020796,0.10015869999915594,0.0501354000007268,0.050365700000838835,59.336827877592924
152,cat,gato,congruent,24,BOQQUZDI,m,True,-1.17331650000051,27862.6661361,0.4845529999984137,0.09930960000201594,0.04869699999835575,0.050321599999733735,60.424457644926605
153,deeb,profundo,control,136,ZIGGKBKH,z,True,0.7549303000014334,27866.4128424,0.4906227999999828,0.09963600000264704,0.048390100000688115,0.050639599998248734,59.569124607995384
154,bolf,lobo,control,110,DWMHTEHY,m,True,-3.131479799998488,27864.4942371,0.4907937999996648,0.09821020000163116,0.05099049999989802,0.05006519999733428,60.38632756937538
155,ugly,feio,congruent,31,XLVGCNDB,z,True,1.8884561999984728,27871.516127999996,0.4823864999998477,0.09830629999851226,0.05262520000178483,0.048741599999630125,60.54045676500029
156,cet,gato,control,124,IHTLGOCU,m,True,-4.343924100001459,27868.384125200002,0.4912051000028441,0.09900719999859577,0.05017009999937727,0.05092580000200542,60.812417408680936
157,bry,seco,control,138,ZJOPGIWP,z,True,0.7019862999986799,27875.17877,0.4812133999985235,0.10332550000021,0.04559140000128537,0.050381599998218014,60.01269868723665
158,dooth,dente,control,119,BRLOGIFO,m,True,-3.0241122000006726,27873.3358256,0.4838372999984131,0.1008999000005133,0.04996889999893028,0.04987400000027265,59.52193174922464
159,cough,perigo,incongruent,95,VNCPGZHM,z,True,0.7864760000011302,27879.2644866,0.4830639000028896,0.09987969999929193,0.0495295000000624,0.05071699999825796,59.72919975512861
160,week,tarde,incongruent,90,KCUHLVWO,m,False,-3.1542913999983284,27877.3072681,0.4838974999984202,0.1007844000014302,0.04968209999788087,0.04989190000196686,60.119854942532704
161,ting,cantar,control,146,AHMUZZUW,z,True,1.1009684999989986,27883.8445532,0.4848330000022543,0.1006491999978607,0.04961130000083358,0.049639100001513725,59.8315502536792
162,kadness,tristeza,control,135,EYRWYRLH,z,True,1.1535268999978143,27886.1980566,0.4763811000011629,0.10047359999953187,0.049970500000199536,0.049140900002385024,60.40022396381095
163,bike,bicicleta,congruent,14,RPPDLZVB,m,True,-5.932307299997773,27881.467705799998,0.479578099999344,0.09948520000034478,0.05060249999951338,0.050440600000001716,59.722529130455506
164,blind,cegar,congruent,25,MDSCQRNW,z,True,1.2696168000002217,27891.202055799997,0.4801482000002579,0.10025010000026667,0.05058869999993476,0.050848899998527486,59.443278035506324
165,dream,seco,incongruent,88,CXHWHZPE,z,True,0.7684990000016114,27893.152804,0.4785918999987189,0.10177330000078656,0.05000049999944167,0.050025799999275485,59.46179936147481
166,pake,lago,control,109,UOBRSSQP,m,True,-5.688187300002028,27888.677771099996,0.4783576999980141,0.09894610000264947,0.04792319999978645,0.05143119999775081,60.165575663369786
167,poubt,dúvida,control,126,YGSRYSSX,z,True,2.2011204000009457,27899.3539888,0.4876377999971737,0.09881200000017998,0.05130669999925885,0.05076830000325572,59.97454680140083
168,daw,lei,control,132,TJFVJPWU,z,True,0.8576412000002165,27901.393859099997,0.4773660000028031,0.09964409999884084,0.050693699999101234,0.05039440000109608,60.43775062779816
169,moment,outono,incongruent,93,JEIJLAHA,z,True,0.8196389000004274,27903.5390823,0.48951920000035903,0.10099970000010217,0.04908570000043255,0.05022099999769125,59.26161216452412
170,evening,tarde,congruent,40,QWOAKQFL,z,True,0.7238115000000107,27905.5949988,0.4876002999990306,0.1013572000010754,0.04884899999888148,0.04906000000119093,60.160327272179096
171,bix,caixa,control,117,PDMOMJSJ,m,True,-10.821931100002985,27895.930725,0.4770764000022609,0.10039219999816852,0.051599099999293685,0.04865830000198912,59.715610377146426
172,arn,braço,control,116,GNYKRDMD,m,True,-1.1593603999972402,27907.8471037,0.4915293999983987,0.09864910000032978,0.0492192999990948,0.052252500001486624,60.277021133124244
173,strawperry,morango,control,107,UGOBWIBO,m,True,-1.176074700000754,27909.846874400002,0.4815965000016149,0.09960470000078203,0.04967649999889545,0.04895020000185468,60.88213340707541
174,fire,fogo,congruent,15,HNNJJMYP,z,False,1.0478490999994392,27913.9515325,0.4762924999995448,0.09944779999932507,0.05176120000032825,0.04830040000160807,59.97907929800103
175,dream,sonho,congruent,37,CKEHOXIQ,z,True,1.1300833999994209,27916.3004916,0.4882648999991943,0.09919870000157972,0.05001089999859687,0.05155949999971199,59.8527860877565
176,law,lei,congruent,32,FJAFKXIY,z,True,0.6566124999990279,27918.142516500004,0.4761682999996992,0.09947400000237394,0.05184039999949164,0.04842749999806984,59.757004119491356
177,knife,dente,incongruent,69,DMVVLCXT,m,True,-7.633891400000722,27911.687068199997,0.4790799999973388,0.09978370000317227,0.050277199999982265,0.049859699996886775,60.338304807691316
178,blate,prato,control,120,XGHOHZTC,m,True,-1.1682952000010118,27920.106814,0.4842400000015914,0.10632719999921393,0.04479670000000624,0.04993560000002617,60.79396923854543
179,tooth,dente,congruent,19,LNNCYNDO,m,True,-1.3102429999999003,27921.9985514,0.4848956999994698,0.10037340000053517,0.04997459999867715,0.05089159999988624,60.845200682827006
180,cat,vaca,incongruent,50,UIHKWMXK,m,True,-1.1723406999990402,27923.9170046,0.4759010999987368,0.09785330000158864,0.049419099999795435,0.0518584000019473,60.17846525638194
181,dabbit,coelho,control,121,FJOQEZFE,m,True,-1.2777363999994122,27925.7299009,0.4764628999982961,0.10122279999995952,0.04818969999905676,0.0503790000002482,60.096334424775705
182,harse,cavalo,control,103,ZNFFREUS,m,True,-1.5133089000009932,27927.5330765,0.4818930000001274,0.0997624999981781,0.05056020000120043,0.051137200000084704,59.324577817525146
183,summer,verão,congruent,47,GFJJZMSC,z,True,0.8167818000001716,27932.091792699997,0.4824860999979137,0.10027999999874736,0.05040850000295905,0.04972759999873233,60.36711658382743
184,danger,perigo,congruent,45,LSAGQSQE,z,True,0.9789917999987664,27934.2871448,0.4832908999997017,0.10179090000019643,0.048918000000412576,0.04995330000019749,59.32595041636858
185,fice,fogo,control,115,VNCBVIWR,z,False,0.8235888000017441,27936.3981739,0.4915972999988298,0.09914800000115064,0.05122739999933401,0.04993789999934961,59.593583677123135
186,soft,suave,congruent,27,NBMLBLOF,z,True,1.4867073999994318,27939.1158015,0.4920185000009951,0.09926940000150353,0.04959349999990082,0.04996720000053756,60.08402149586299
187,joy,feio,incongruent,81,QOQUIKBA,z,True,0.8626689999982773,27941.3565552,0.4810776000012993,0.09927830000015092,0.049651299999823095,0.05070319999867934,60.915437189742974
188,half,metade,congruent,34,SRWIIENU,z,True,2.054741500000091,27944.563601200003,0.4788778000001912,0.09777480000047943,0.04870990000199527,0.049649499997030944,60.035721254008166
189,blind,dúvida,incongruent,76,DBRJCORK,z,True,0.7378627000034612,27946.5504972,0.481908999998268,0.09926350000023376,0.050130600000557024,0.05024090000006254,59.79641711914231
190,horse,cavalo,congruent,3,VEPGPYNU,m,True,-17.90954050000073,27930.054080299997,0.48290180000185495,0.09984489999988001,0.048963699999148964,0.05172500000116997,59.09987346748885
191,late,atrasado,congruent,48,AXFMXZPD,z,True,3.561574900002597,27953.863656999998,0.488208200000372,0.102729599999293,0.04854049999994458,0.051306400000612484,60.03503644716299
192,dry,semana,incongruent,89,UVNXDTST,z,True,0.8377164000012272,27956.0405514,0.4820749000027718,0.10050919999775942,0.05052849999992759,0.04992510000010952,60.10756850409922
193,bridge,peixe,incongruent,63,QNNAGYSG,m,True,-8.157870900002308,27949.0730366,0.4919296000007307,0.09936219999872263,0.05097179999938817,0.04775230000086594,60.47565310688314
194,deep,profundo,congruent,36,DZIQOOHH,z,True,0.720133499999065,27959.851769200002,0.4856151000021782,0.09971629999927244,0.0496698999995715,0.05020900000090478,60.42467671296554
195,bridge,ponte,congruent,12,JPQETKHA,m,True,-3.2491577000000693,27957.983754400004,0.4894512999999279,0.09934570000041276,0.04940730000089388,0.05062199999883888,59.810758758758716
196,bottom,momento,incongruent,92,SUKGKOBC,z,True,0.8186530999992101,27964.337763800002,0.4765360999990662,0.10029709999798796,0.05027040000277338,0.049694699999236036,59.885546742575706
197,knife,faca,congruent,18,HOKHNBXE,m,True,-3.2270567000014125,27962.3045278,0.4863913999979559,0.0989642000022286,0.050846399997681146,0.049147100002301165,60.127916129378974
198,button,butão,congruent,1,FRXXIYMX,m,True,-1.2311149000015575,27966.2859851,0.4867220999985875,0.1010652000004484,0.047681700001703575,0.05101579999973183,59.172683049246864
199,arm,braço,congruent,16,OCVMGNWV,m,True,-1.2154599999994389,27969.420894,0.4747133999990183,0.10033040000053006,0.05061690000002272,0.04901769999924,59.504612202682935
200,charry,cereja,control,102,GEIHCRYM,m,True,-1.420729500001471,27971.6168213,0.4857103999966057,0.09856070000023463,0.050347500000498265,0.050482700000429766,60.170680151133425
201,tooth,prato,incongruent,70,WLOJGQGJ,m,True,-1.1941100000003644,27974.212792000002,0.4911858000014036,0.10212759999922127,0.04951159999836818,0.04976990000068327,60.090448143084465
202,wardrobe,leão,incongruent,73,GTXFZPFC,m,True,-1.1869493999984115,27976.001668099998,0.4895166000023892,0.0991206999970018,0.05189850000169827,0.05027390000032028,60.206327083990715
203,hunger,fome,congruent,28,SVDKSNFQ,m,False,-1.213722399999824,27977.8429642,0.47439819999999605,0.09981020000122952,0.05066580000129761,0.05194629999823519,60.11840921934149
204,lion,gato,incongruent,74,EXNSUQWS,m,True,-1.1558169999989332,27979.8350572,0.480719200000749,0.0996333000002778,0.05107919999863952,0.05052670000077342,60.2727341216986
205,autumn,tosse,incongruent,94,OPGJKOGQ,m,False,-1.2080217000002451,27982.034654500003,0.4839274999976624,0.10293359999923267,0.05020400000285008,0.050047599997924415,59.489390662258536
206,ladder,sapato,incongruent,56,IFXQUXJU,m,True,-1.2382803000000422,27984.1329512,0.4922512000011921,0.09840609999810113,0.04982079999899725,0.04916080000111833,59.701421251647126
207,wolf,lobo,congruent,10,QHHOSVDQ,m,True,-1.1443525000031514,27986.2607745,0.4757217000005767,0.0979923000013514,0.05024469999989378,0.050458099998650134,60.08037552508577
208,danber,perigo,control,145,ICSFAOGY,z,True,0.7789196000012453,27990.3346871,0.48155310000220203,0.10030320000078063,0.04729189999852679,0.05030790000091656,59.768647519225816
209,climb,escalar,congruent,29,BFWCKGIJ,z,True,1.390990800002328,27992.933971900005,0.473818399997981,0.10035140000036337,0.049157199999172015,0.05163360000005923,60.41328729809774
210,pridge,ponte,control,112,LGPBAVVW,m,True,-6.030259700000897,27988.128578400003,0.4864989000016066,0.09776630000123987,0.04993389999799547,0.05048660000102245,60.004164289712925
211,better,melhor,congruent,33,KGXDHQBW,z,True,0.8376175000012154,27998.230901200004,0.4790269000004628,0.0987347000009322,0.0490788999995857,0.05225849999987986,60.61311376831875
212,outumn,outono,control,143,WTKIIGQO,z,True,0.7373575000019628,28000.1120009,0.4797595999989426,0.10054590000072494,0.04845750000094995,0.05067250000138301,59.707160261001384
213,law,melhor,incongruent,83,ZUXWXLMJ,z,True,0.8445910000009462,28002.1370152,0.4875943000006373,0.09903459999986808,0.05048069999975269,0.04995950000011362,60.04650000892154
214,boft,suave,control,127,IGQFEMBH,z,True,0.9906706999972812,28004.327810000003,0.4834565000019211,0.10052639999776147,0.051888699999835815,0.054632400002446964,59.46940210043578
215,rain,cegar,incongruent,75,TIOESAQU,z,True,1.081283199997415,28006.589782,0.4842124000024342,0.0995015999978932,0.04941150000013295,0.049801500001194654,60.39084957852901
216,doubt,dúvida,congruent,26,SEKFXZGG,z,True,0.8130388000026869,28008.6245702,0.479060000001482,0.09979949999979,0.04896709999957238,0.0510534999993979,60.84860684121094
217,straw,canudo,congruent,11,NVXCPHGV,m,True,-13.883941200001571,27995.9925019,0.4786026999972819,0.1004666000008001,0.04744290000235196,0.05053789999874425,59.27264170528346
218,pish ,peixe,control,113,UWROJTPF,m,True,-1.2853505999992194,28011.091613,0.4880664000011166,0.09863939999922876,0.049048799999582116,0.050189900000987116,59.960126515020654
219,dow,vaca,control,100,VLLPHUHH,m,True,-1.1814531000018178,28013.415488599996,0.4861453999983496,0.10174460000052933,0.05030489999990096,0.049440800001320895,60.619396873022396
220,strawberry,morango,congruent,7,EPQXMKQK,m,True,-1.212624100000539,28015.332361799996,0.4743138999983785,0.10119119999944813,0.04930400000012014,0.049322500002745066,61.36859327220632
221,tream,creme,control,104,XGTSUOMR,m,True,-1.3262691000018094,28017.387648400003,0.481924199997593,0.09841610000148647,0.04983899999933783,0.05190009999932954,59.31732872659827
222,deep,sonho,incongruent,87,XHISZQTT,m,False,-1.3059824999982084,28019.378589499996,0.4790375000011409,0.09966509999867412,0.05127369999900111,0.05078929999945103,59.904452398332175
223,horse,creme,incongruent,54,MQXQGMJV,m,True,-1.2251815000017814,28021.2895201,0.4816609999979846,0.09909470000275178,0.051513599999452715,0.05059600000095088,59.475273451967546
224,dunger,fome,control,128,BLLTRIJA,z,True,4.075730700002167,28028.471531200004,0.4868739000012283,0.0992417999987083,0.04774100000213366,0.049261500000284286,59.72680957395648
225,dain,chover,control,149,TLRAOBQZ,z,True,1.5372607999997854,28031.253538300003,0.4839578999999503,0.10066029999870807,0.05097659999955795,0.04945930000030785,60.46300147964343
226,cow,vaca,congruent,0,BSGXHSYL,m,True,-9.313821100000496,28023.1549639,0.4779769999986456,0.09745570000086444,0.05013379999945755,0.05215289999978268,60.887990452567244
227,dry,seco,congruent,38,XUPETOHJ,z,True,0.8525742999991053,28036.9359662,0.4890077999989444,0.10170110000035493,0.051511699999537086,0.048091000000567874,59.78054561669129
228,rain,chover,congruent,49,IEHOXFAR,z,True,0.6976614000013797,28039.0495192,0.4802072999991651,0.0996711999978288,0.05019480000191834,0.04965989999982412,59.353556672787036
229,sammer,verão,control,147,KBDFLZJT,z,True,0.7665382999985013,28041.1175898,0.4826319000021613,0.0983340999991924,0.04956600000150502,0.04954279999947176,60.01169027764318
230,doubt,suave,incongruent,77,GAOVCCDK,z,True,0.7282419000002847,28043.1026251,0.4906277000009141,0.09918520000064747,0.05225390000123298,0.049027199998818105,59.30181599985561
231,plate,prato,congruent,20,LCYTJXMD,z,False,0.5311015000006591,28044.8158411,0.4806166999987909,0.10051469999962136,0.05076740000004065,0.04888540000320063,58.8962836445295
232,monent,momento,control,142,HUPGPOBA,z,True,0.8454185000009602,28046.9996709,0.4859242999991693,0.09965350000129547,0.04943550000098185,0.05056789999798639,
233,half,tristeza,incongruent,85,OGDELWAX,z,True,0.9076631000025372,28049.6695073,0.4801781999995001,0.09912919999987936,0.05072090000248864,0.05036549999931594,60.02184795306378
234,throad,garganta,control,108,EHGAWPRU,m,True,-16.050056299998687,28034.868591799997,0.4733188999998674,0.0994609000008495,0.05023699999946985,0.050601400002051385,60.11508431762464
235,evening,fundo,incongruent,91,LMJBEUKP,z,True,0.9606201999995392,28054.1356871,0.4866830999999365,0.0999305999976059,0.048957499999232816,0.05155440000089584,59.850672571895075
236,wardrobe,armário,congruent,22,EXFDZOZC,m,True,-3.4206419000001915,28051.9693554,0.4785387999982049,0.09752039999875706,0.049936900002649054,0.051245200000266784,59.46190543235292
237,autumn,outono,congruent,43,XTWAGNSW,z,True,0.7153781000015442,28058.224869,0.4882618000010552,0.10161290000178268,0.04755909999948926,0.05227709999962826,60.65528328749487
238,danger,cantar,incongruent,96,PMXYICJP,z,True,1.0735463999990316,28060.534821200003,0.484154400000989,0.09769439999945463,0.05031550000057905,0.05002859999876818,60.07629689622357
239,dough,tosse,control,144,ABDDMWOQ,z,True,0.7944361000008939,28062.5505199,0.4821126999995613,0.10040929999740912,0.05055120000179159,0.048008999998273794,60.60947677553467
240,summer,atrasado,incongruent,98,PESJVLVF,z,True,1.3155919999990149,28065.029479400004,0.4850705999997445,0.1017814000006183,0.049995299999864073,0.050838799998018665,60.63248166828288
241,box,faca,incongruent,68,HUKKZJHI,m,True,-10.066579500002264,28056.308576800002,0.4764877999987221,0.09981350000089152,0.04885160000048927,0.05126100000052247,59.334539406639436
242,cream,creme,congruent,4,TBCNNLAQ,m,True,-1.200606100002915,28067.0075835,0.4826915000012377,0.1009081000011065,0.04930189999868162,0.04966110000168555,59.447235821984755
243,shoa,sapato,control,106,GAJJXPDQ,m,True,-1.1627167000006011,28068.944864499997,0.4762016999993648,0.09884759999840753,0.05069240000011632,0.04874580000250717,60.822404054413106
244,better,metade,incongruent,84,URXDKVCR,z,True,0.9414507000001322,28073.0357606,0.4902284000017971,0.09924909999972442,0.05036879999897792,0.05120829999941634,59.292357570819604
245,straw,ponte,incongruent,62,NNGHMCWW,m,True,-3.3731168000012985,28070.8612835,0.4868434999989404,0.10344759999861708,0.05028190000302857,0.05117949999839766,60.046788457764904
246,uply,feio,control,131,PILPXHDA,z,True,0.656760400001076,28076.8326916,0.505947899997409,0.0994974999994156,0.050623700000869576,0.04999250000037137,60.074528460148684
247,rabbit,armário,incongruent,72,UQMENTOU,m,True,-3.138216800001828,28074.911673500003,0.4775183000019752,0.10127839999768183,0.05010730000140029,0.05127639999773237,60.46950946042574
248,joy,alegria,congruent,30,ILTTFRLG,z,True,1.4646476000016264,28081.950550300004,0.4832091999996919,0.09957660000145553,0.05116350000025705,0.050914299998112256,59.94366494302054
249,lake,lobo,incongruent,60,XWSYYJDS,m,True,-4.2214334000018425,28078.956379500003,0.4833474999977625,0.09704079999937676,0.05074930000046152,0.04963290000159759,59.91755344688322
250,pardrobe,armário,control,122,KWYCTVWZ,m,True,-1.3153359999996608,28083.969560799997,0.4898474000001442,0.1005236999990302,0.049482100002933294,0.050256599999556784,59.68727449480285
251,putton,butão,control,101,IOSQFMLR,m,True,-1.2660616000030132,28086.2644576,0.4821201999984624,0.09803409999949507,0.05063359999985551,0.049888000001374166,59.81898774274499
252,climp,escalar,control,129,VQQNXOWI,m,False,-1.3526464999995371,28088.710553099994,0.4782763999974122,0.09718980000252486,0.050844599998526974,0.05011120000199298,60.05695801921578
253,bike,fogo,incongruent,65,DAHCQTTH,m,True,-1.1986793999967629,28091.7998393,0.4766797999982373,0.09893759999977192,0.049637399999483016,0.05160570000225562,61.057926264671934
254,throat,lago,incongruent,59,ICHDWKAO,m,True,-1.4520813999988604,28093.948846499996,0.4844030999993265,0.1000495000007504,0.050544899997476016,0.05073840000113705,60.950337665530434
255,wolf,canudo,incongruent,61,ZHDZTDFT,m,True,-1.3184584999980868,28096.996697400005,0.4808066000005056,0.1023830000012822,0.04916159999993397,0.04828809999889927,59.028601718219
256,cream,escada,incongruent,55,OROHXPJY,m,True,-1.1951936000004937,28099.2245538,0.4797552000018186,0.10036469999977272,0.04978789999950095,0.052029900001798524,60.197193968095476
257,sing,cantar,congruent,46,HCOXNMNA,z,True,0.894070999998803,28103.4798288,0.4888553999990109,0.0996002000028966,0.05109420000007958,0.05091049999828101,59.603387141367776
258,button,cereja,incongruent,52,AECUPSVA,m,True,-3.372305000000779,28101.3665921,0.4769321999992826,0.09910970000055386,0.04879389999769046,0.05352660000062315,60.76238565313778
259,lion,leão,congruent,23,LWXJYKPA,m,True,-1.2432200000002922,28106.026738099998,0.4760344999995141,0.09883650000119816,0.04883289999997942,0.05182999999669846,60.00729688697741
260,shoe,sapato,congruent,6,OFPIEZAM,m,True,-1.3964444000012008,28108.9606927,0.6170038999989629,0.10131109999929322,0.050548800001706695,0.04942799999844283,59.58992596642889
261,fire,braço,incongruent,66,SUMSQMVH,m,True,-1.2577945000011823,28111.0765449,0.4908726000030583,0.09816879999925733,0.04979789999924833,0.04948729999887291,60.177922043949394
262,rabbit,coelho,congruent,21,ZWGVOLUS,m,True,-1.2108016000020143,28116.8766653,0.4893510999972932,0.10125760000300944,0.048294099997292506,0.05047170000034384,60.2302602850155
263,lake,lago,congruent,9,CXZEKFAS,m,True,-1.1762362999979814,28118.932898699997,0.4921838999980537,0.09716720000142233,0.052298700000392266,0.05038520000016433,59.69921149245732
264,box,caixa,congruent,17,WKMBJQIA,z,False,0.933953499999916,28124.556902999997,0.4792315000013332,0.1012604999996256,0.049796200000855606,0.05148699999699602,59.02368915653671
265,sadness,profundo,incongruent,86,TIGCAGRP,z,True,0.6935020999990229,28126.5383745,0.4805151000000478,0.0998522999980196,0.05361790000097244,0.048166299999138566,59.948049020753004
266,pate,atrasado,control,148,XJLZNFJD,z,True,1.5479473000013968,28129.2944742,0.4788644999971439,0.09997300000031828,0.05102500000066357,0.051608100002340514,60.75640509124934
267,ebening,tarde,control,140,RGLTLZBV,z,True,0.7403095000008761,28131.3468511,0.4828235999993922,0.10103080000044427,0.04665250000107335,0.049774799997976515,
268,cherry,cereja,congruent,2,UBHBQTGX,m,True,-10.660962300000392,28122.412487800004,0.4866094000026351,0.10320729999875766,0.04840509999849018,0.04866799999945215,59.8993929800961
269,liom,leão,control,123,ADWVFFRW,m,True,-1.2484050999992178,28133.7426485,0.4834171000002243,0.10167750000255182,0.0502556999999797,0.04718279999724473,60.310102484973775
270,fish,bicicleta,incongruent,64,ORWDFCGY,m,True,-1.2029259000009915,28135.6403523,0.4782967999999528,0.0968033999997715,0.05007670000122744,0.05046429999856628,60.04887978852963
271,ladder,escada,congruent,5,XGWCQQHD,m,True,-1.204982100000052,28137.518511799997,0.4743707999987237,0.10001040000133797,0.04988299999968149,0.049389700001484016,59.48436572470453
272,cough,tosse,congruent,44,ZCOJYHNI,z,True,0.7283110000025772,28141.359747299997,0.4778227999995579,0.10027950000221607,0.049542699998710304,0.05141630000071018,59.87679750218446
273,sing,verão,incongruent,97,SQKSYDKD,z,True,0.7372582999996666,28143.3298773,0.4755483000008098,0.09998350000023493,0.051158599999325816,0.0482523000027868,60.06839387395402
274,poy,alegria,control,130,OFLXMHHM,z,True,0.7638681999997061,28145.256847900004,0.4857609999999113,0.09943639999983134,0.04904030000034254,0.04988960000264342,60.20665331776903
275,climb,alegria,incongruent,80,YZRMQWKM,z,True,0.5935524999986228,28147.018430400003,0.4769222000031732,0.1009450999990804,0.04884459999811952,0.04981620000035037,60.041560768104475
276,dalf,metade,control,134,JTKQQLXH,m,False,-9.079786099999183,28139.3983615,0.4927897000015946,0.09981160000097587,0.04686849999779952,0.05054949999976088,60.28501549572339
277,shoe,morango,incongruent,57,ZEHCHFKY,m,True,-1.2418621999968311,28149.3425443,0.4807713000009244,0.10184020000087912,0.05065749999994296,0.05054949999976088,60.817558273360106
278,ugly,lei,incongruent,82,KEQZSBQP,z,True,0.7512951999997313,28153.248525,0.48365460000059096,0.10123039999962202,0.04998609999893233,0.04958880000049248,59.90280171433219
279,petter,melhor,control,133,KBAYGFZL,z,True,0.9560623999968813,28155.4705663,0.4800621000031242,0.10179369999968912,0.04862579999826266,0.0508140000019921,60.223549815914076
280,pottom,fundo,control,141,WHJHNGBU,z,True,1.7999883999982558,28158.5286709,0.4908309999991616,0.09759000000121887,0.05019679999895743,0.049491300000227056,59.010976042468826
281,late,chover,incongruent,99,PRXTWLXO,z,True,1.069681600001786,28160.8314758,0.4892533000020194,0.09975159999885364,0.04762269999991986,0.04934850000063306,59.93116306695507
282,hunger,escalar,incongruent,79,ITDUMMTV,z,True,1.2421901000016078,28163.3077582,0.4782630000008794,0.0979007999994792,0.050974699999642326,0.04942129999835743,60.29879257686965
283,ceek,semana,control,139,UKSTREJS,z,True,0.6934223999996902,28165.148681700004,0.4769512000020768,0.10305259999950067,0.050670399999944486,0.04865839999911259,59.36726370263855
284,cow,butão,incongruent,51,QJKCCLZM,m,True,-15.020893799999614,28151.363646399997,0.4739930999967328,0.10192690000258152,0.049367899999197114,0.050137099999119535,60.42434811216693
285,pream,sonho,control,137,WQQMZPHJ,z,True,0.7297108999991906,28169.330969700004,0.4830509000021266,0.10000039999795264,0.04997060000096098,0.04946600000039325,59.90506245634901
286,fish,peixe,congruent,13,XBXFGIXF,m,True,-3.2198037999987723,28167.380503900004,0.4851306000018667,0.09942410000076053,0.048887400000239715,0.05029329999888432,60.78953447388197
287,soft,fome,incongruent,78,RRGKYDQU,z,True,1.277434399999038,28173.7813829,0.4818014999982552,0.09901800000079676,0.051545899998018285,0.050314100000832696,60.370688099459784
288,knipe,faca,control,118,JKJDUVJX,m,True,-3.615959899998416,28171.321442900004,0.4861185000008845,0.0987831999991613,0.05135760000121081,0.0498325999978988,59.30287102931721
289,week,semana,congruent,39,LEZLCNBJ,z,True,1.3548899000015808,28178.4263704,0.4778416999979527,0.09931860000142477,0.05006159999902593,0.04988890000095125,61.5755963603673
290,plate,coelho,incongruent,71,NOCAXPQJ,m,True,-4.0379594000005445,28175.655856200003,0.4797509999989416,0.10330520000206887,0.04922509999960312,0.05168570000023465,60.191070533908025
291,arm,caixa,incongruent,67,EUYFYUUF,z,False,2.204732400001376,28184.191479900004,0.4797507000002952,0.10003169999981763,0.049639400000160094,0.04960149999897112,58.826851398130074
292,throat,garganta,congruent,8,RWTAAGRX,m,True,-4.9332828000005975,28180.437647000002,0.4870622999987973,0.10020250000161468,0.05095729999811738,0.04951830000209157,60.117939373059045
293,moment,momento,congruent,42,ZBWPWPVW,z,True,1.5508607999981905,28189.154248400002,0.4878763999986404,0.1004486000019824,0.04807609999988927,0.050190400001156384,59.824355691860106
294,cherry,cavalo,incongruent,53,OPYKGXHP,m,True,-3.994966300000669,28186.409531800004,0.4881636000027356,0.09963019999850076,0.05010740000216174,0.05027899999913643,60.086620872945446
295,sadness,tristeza,congruent,35,JYARCISD,z,True,0.8344539999998233,28193.239190599998,0.484794600000896,0.09980049999649054,0.0492041000034078,0.05024369999955525,60.29657473135607
296,bottom,fundo,congruent,41,BSIAOGFV,z,True,0.8373162000025332,28195.275303400005,0.4786311999996542,0.09944050000194693,0.04913079999823822,0.04988130000128877,59.956315828505325
297,strawberry,garganta,incongruent,58,YBLONECO,m,True,-5.2016547999992335,28191.2364119,0.4741032999991148,0.0997404000008828,0.05044970000017202,0.04924440000104369,59.75886104480346
298,strat,canudo,control,111,YVKSTRXL,m,True,-1.1602435000022524,28197.3811713,0.4825003999976616,0.09898050000265356,0.05110119999881135,0.04949439999836613,59.6896971402381
299,bice,bicicleta,control,114,YOMLUIXK,m,True,-1.1500745999983335,28200.542381700005,0.4736449999982142,0.09965680000095743,0.05075030000080005,0.049510500000906184,60.15182320151407
